ID;Label;Valoración
1;El Fogón Del Asador Parrillas & Cocina Rústica - MAGDALENA;2
2;El Barquero Restaurante;2
3;Los Esteros De Tumbes;2
4;La Antojería;2
5;Mar de Mares;2
6;Elia;2
7;La casita del chef;2
8;Travesura Marina - Barra Cevichera;2
9;El Pulpito;2
10;Las Vegas;2
11;La Panka;2
12;Picantería La Paisana 2;2
13;La Choza Náutica Magdalena;2
14;Restaurant - Mar Criollo;2
15;"Restaurante ""El Paraíso""";3
16;El Epicentro 2;2
17;Parada 63;2
18;Mezzanine Cafetería Restobar;2
19;Sabor Norteño;2
20;Restaurantes Lorenzo II;2
21;Sabor Piurano;2
22;Cebichería Luz;2
23;La Picada Cebicheria - Magdalena;2
24;El Guarike;1
25;Pez Máncora;3
26;Humay cocina oriental;2
27;Cevicheria Juanita – Ceviche c/ Conchas Negras, Mixto & Pescado;2
28;Locuramarina;2
29;Las Delicias De Mi Tierra;3
30;Lorenzo;2
31;El Encanto Norteño;2
32;La Rejita Chiclayana;2
33;CEBICHERIA EL PAISANO;2
34;El Lobo Marino;2
35;LA ISLA DEL NORTE;3
36;El Paisa;2
37;Pedrito;2
38;Restaurant Los Chiclayanos;3
39;La Pescadora;2
40;Restaurante Menú Rosita;3
41;Chicharroneria Teo's;2
42;Angélica;2
43;El Caserito;2
44;Cevicheria Restaurant Los Delfines Magdalena;2
45;Edo Sushi Bar;2
46;CLUB DE CUTERVO;2
47;Pollería El Corralito;2
48;Chifa Fu Sen;2
49;La Paisana 2;2
50;D'RAUL;2
51;Cevicheria Hermes;3
52;Alwa Restaurante;3
53;Big Ben;2
54;CEBICHES AL PASO JHONY;2
55;Del Tigre su Leche;2
56;Restaurante Gustos y Sabores;3
57;La casona;3
58;Gyu Grill House;2
59;Cevicheria Cala & Mar;2
60;Pizzería Zarelle;2
61;Larizza Restaurant;2
62;El Antojito de la Selva;2
63;Pizzeria Camila;2
64;Cevichería Puerto Caribe;2
65;Chifa He;2
66;Sazón y Pasión;2
67;420fusion;2
68;Cambalache Mar y Fuego;2
69;Restaurant Gemelos;1
70;Entre Panes;2
71;El Paladar de Tumbes;2
72;Tradiciones;2
73;Katana;2
74;OKI MAKI Sushi Bar;2
75;PARADA 407;5
76;El Asadito;2
77;Don Pezón Y Sus Mariscos;5
78;Altoke Burger;3
79;EL HUARIKE;2
80;"RESTAURANTE VILMA""LA PAPITA RELLENA""";2
81;Mangos;3
82;Restaurant París;2
83;The Ronior;2
84;SABORES DEL PERU en MAGDALENA;2
85;Las Canastas - Magdalena;2
86;Porky's;2
87;Edo Magdalena;2
88;Los Gemelos en su Salsa;3
89;Restaurante Da Mario;2
90;Norky's;2
91;Restaurant Cevicheria Sra. Eda;1
92;Casa Naturista Luz y Salud;2
93;Ositos Bar;1
94;Restaurante Adrian;3
95;Chifa Continental;2
96;Date Una Pausa;2
97;Restaurante norteño Luana;2
98;Restaurant Cevichería Sazón Chiclayana;2
99;EL CHANCHÓN;2
100;Estrato Restaurante;3
101;ZARELLE PIZZERIA & TRATTORIA;2
102;Chifa Mey Wey;2
103;Jardín Santiago;3
104;COMO TE GUSTA;1
105;Azotea;2
106;Chifa He;2
107;Cevichería Roberto;3
108;Chicken Brothers;2
109;Picanteria La Paisana 1;2
110;Ander más na;3
111;El Menú de Doña Paula;1
112;Restaurant Gustos Criollos;3
113;Restaurant Anita;2
114;Restaurant Fanny's;3
115;Sr. Shawarma;2
116;Shawarmas El Faraón;2
117;Polleria Doradito's;2
118;Señor Rocoto;4
119;Wimpy's;2
120;Chamos;2
121;Mr. Tequeños;2
122;Chifa Chen Chen;2
123;CHIFA FUHUA-GRUPO CAPON;2
124;Camilitas Menú;1
125;Brava Fusión;2
126;Sangucheria Vicky’s;2
127;Restobar - Estacion 20;2
128;Cevicheria El Paisano;2
129;Pollería San Martín;2
130;Liliana Chicken Pollos a la brasa;2
131;Sanguchon Campesino;2
132;Pizzería Dayiro;3
133;Don Raúl;2
134;Chifa Win Wai;2
135;La Magdalena - Sanguchería Peruana -;3
136;Chifa Men Hong;2
137;El Bonis;2
138;Mi Gran Combo Peruano;2
139;Goffri Waffles & Milkshake;2
140;Don Panchito Cachapas;1
141;Chifa Capon;3
142;Chifa Haiya - cel:912554721/947 532 854;3
143;A la vuelta de la esquina;4
144;El tío Jimmy;3
145;La Buena Corazonada;2
146;Sangucheria Leandro's;2
147;Carnivoro;2
148;Anticuchos Bran Magdalena;2
149;Cevicheria Manotas;2
150;LOCHE Cocina Chiclayana;1
151;Chifa Brasil;3
152;Dulcería La Roja y Blanca La Peruanita Siempre;2
153;Paso Marino - Cevichería;3
154;Pollos A La Brasa Sorkyz;3
155;Pizza N Cono;2
156;Mu. Burger;1
157;Don Sabor;1
158;Krujitos;2
159;OLÉ! BURGER;1
160;Fonda 76;2
161;C'MERUKOS CRISPY FRIED CHICK'N;1
162;El Patron carnes y parrillas;2
163;Sofá Café Magdalena;2
164;PUESTO 862 EXPRESS;1
165;La Sazón de Mamá Tula;3
166;Jugueria Las Delicias;2
167;Yuquitas Fritas de Sabor Nacional de palermo;2
168;Juguería Margareth;1
169;D'Luis;2
170;Roky's;3
171;Kebab Shawarma TUT;1
172;Entre Panes;2
173;Chifa Yin Cheng;2
174;Bembos Magdalena;2
175;Dilema - Restaurante;4
176;Empanadas Santa Tentación;2
177;Domino's;2
178;Makana Burguer;3
179;Al Tavolo Pizzas Magdalena;2
180;LA 14 SANDWICH, PIZZA;3
181;Fast Food André;2
182;Tacos México;1
183;La Baguette;2
184;Pardo's Chicken;2
185;Thailand Mania;2
186;D'Antuan Crepería;2
187;El veridico de fidel Magdalena;2
188;Brasas d’ Luis;2
189;Nueva Querencia;2
190;Los Ludeña;2
191;José Antonio;2
192;Chicken Brothers Perú;3
193;Pastelería San Antonio - Magdalena;2
194;cebicheria;1
195;Azotea Doce;2
196;Paprika Restaurante Lima;2
197;La Sazón de la Abuela;3
198;Su Richi Rey;2
199;Zona VIP;4
200;Restaurant Vilma;2
201;SANGUCHERIA DOMINGUEZ;4
202;Sanguches;3
203;Restaurante La Paila;2
204;D'Sala Caffè;2
205;"Restaurante ""Pastimare""";2
206;Ma'Maria;1
207;Heladería Speciale;2
208;Heladería Ugo's;2
209;Helados Huacho;3
210;China Wok;3
211;Chifa Ca Wo;3
212;Chifa Fon Wa;3
213;Chifa Shangrila - Magdalena;3
214;Chifa Star Lin;3
215;La China Restaurant;2
216;Panchita - Miraflores;2
217;Pescados Capitales;2
218;IK Restaurante;2
219;ALFRESCO;2
220;Rafael;2
221;Saqra Restaurante;2
222;Tanta de Miraflores;2
223;La Mar Restaurante;2
224;Barra Maretazo;2
225;Mama Olla Restaurant;2
226;Fiesta Restaurant;2
227;Edo Sushi Bar Miraflores;2
228;La Red;2
229;Costanera 700;2
230;La Cabrera Miraflores;2
231;El Bodegon de Miraflores;2
232;La Gloria Restaurant;2
233;El Parrillón de Pablo Profumo;2
234;MAYTA by Jaime Pesaque;2
235;Costazul Seafood;2
236;El Pez Amigo;2
237;La Bodega de la Trattoria - Borgoño;2
238;El Pez On;2
239;Maido;2
240;Poke 51;2
241;El Señorío de Sulco;2
242;Restaurante Fuego Lima;2
243;Amore;2
244;Alma Cocina Viva;2
245;Mangos Restaurante;2
246;Carnal;2
247;Francesco;2
248;Las Reyes;2
249;Manolo;2
250;Jeronimo;2
251;Mamma Lola;2
252;La Tiendecita Blanca;2
253;Popular de aquí y de allá;2
254;Cevicheria Lobo De Mar Miraflores;2
255;La Tranquera;2
256;El Pan De La Chola;2
257;Pico y Tapa - Restaurante Español;2
258;Punto Azul;2
259;El Mercado;2
260;Mercado 28;2
261;El Parquecito;2
262;Don Nico Steakhouse;2
263;La Misteriosa;2
264;Trattoria Mambrino;2
265;Asnapa Restaurante;2
266;Chifa Hou Wha;2
267;Trattoria Don Vito;2
268;Pueblo Viejo;2
269;Veda Restaurante;2
270;Sutor?to M?ketto;2
271;Punto azul;2
272;LA MAR-iposario;2
273;Punto Marisko;2
274;Tierra Baldía - Restaurante Cultural;2
275;El Parquetito;3
276;Morelia Pizza a la Parrilla;2
277;Rodizio - Miraflores;2
278;Saha Peruvian Kitchen;2
279;Restaurant Huaca Pucllana;2
280;CANTUÁ de Maria Panela;2
281;SOCIAL.;2
282;JOSELO by Rigoletto;2
283;El Lobby Del Pardo Restaurante;2
284;El 10 Miraflores;2
285;Nuevo Mundo Bar Miraflores;2
286;Tarboush;2
287;Restaurante Piso 21;2
288;CARNIBAR;2
289;MASSALA - Restaurante Indio;2
290;El Arándano;2
291;Restaurante La Sazon Del Abuelo;3
292;La Lucha Sangucheria Criolla;2
293;Entrañable;2
294;Tip Top;2
295;Ache;2
296;Cevichería Miramar Miraflores;2
297;Mili Frutis Miraflores;2
298;Restaurante Coppa;2
299;El Gran Combo;2
300;Somos.Ana;2
301;27 Tapas;2
302;Restaurant la Tapadita;2
303;La Lucha Sangucheria Criolla;2
304;KIRIKO Pollos y Parrillas;2
305;Brava Wings Miraflores;2
306;El Menu Criollo Especial;2
307;El Chinito;2
308;Selectos Ibéricos Miraflores - Tarata;2
309;Café de la Paz;2
310;Huayros;2
311;Mezze Restaurant;2
312;"""LA TAPA - Gourmet""";2
313;Molly's Irish Bar & Restaurant;2
314;LA OVEJA VERDE - Cocina Peruana & Fusion con tendencia Saludable;2
315;Pappas Grill - Miraflores;2
316;Kintu Barras;2
317;El 10 Club Terrazas;2
318;La Cervecería;2
319;Bodega Dalmacia;2
320;koyote y sus conchas negras;2
321;La Rosa Náutica;2
322;Palachinke;2
323;La Casa del Ceviche;2
324;La Antojería;2
325;Ricadon;2
326;Restaurante El Sillar;2
327;Maestro Tzu;2
328;KO Asian Kitchen;2
329;Restaurante La Zaraza;3
330;Don Rosalino;2
331;Buenas Juntas.;3
332;Haití Café - Bar - Restaurant;2
333;Pickadeli;2
334;CHÉ CHÁ Tea Bar & Food Station;2
335;Bistro 400;2
336;Malajuntas Bar Miraflores;2
337;Kaikan Restaurante Japonés;2
338;La Panka Miraflores;2
339;La Vista Restaurante;2
340;Fridays Larcomar;2
341;Makoto;2
342;Malala;2
343;Tragaluz;2
344;Popeyes;2
345;media naranja brasileiro;2
346;Restaurant La Aldea;2
347;Restaurant Mary;2
348;Aventuras Marinas;2
349;BarBarian Miraflores;2
350;Houlihan's Bar;2
351;Insumo Rooftop;2
352;Don Belisario;2
353;Oliver Restaurante;2
354;La Emolientería;2
355;La Vikinga Hamburguesería;3
356;Restaurante Moche Miraflores;2
357;Matsuei Peru;2
358;TRATTORIA DEI PRATI;2
359;Las Canastas - Miraflores;2
360;Street Burger;2
361;La Esquina Bar de Vinos;2
362;Drive In del Pardo;2
363;Puerto Máncora Miraflores;1
364;Rincón Chami;2
365;Fridays Óvalo Gutiérrez;2
366;Bar Italiano Trattoria;2
367;Rustica;2
368;Samantha Comida Criolla;2
369;QUARTIER RESTOBAR;2
370;mó.café;2
371;La Fuente de Soda;2
372;La Glorietta;3
373;Chili’s Pardo;2
374;Punta Sal - Miraflores;2
375;Manduca;2
376;Beso Francés Crepería;2
377;Delicass;2
378;Restaurante El Limeño;2
379;Huambra - Cocina Amazónica;2
380;Cafe Cafe Bar;2
381;La B - menú como en casa;2
382;Cafe La Favorita;2
383;Chicharrones Kio Miraflores;2
384;Bazar;2
385;KOJI RESTAURANTE;2
386;La Lucha Sanguchería Criolla;2
387;Mar de Grau;2
388;Fiesta - Sede Lima;2
389;Sanurya FastGood;2
390;Mercado San Martín;2
391;D'nnos Pizza;2
392;RIVOLTA STREET PASTA;2
393;Ardemar Barra de Ceviches;1
394;Restaurant Mantra;3
395;Tomas Gourmet;2
396;Las Brisas Marinas Restaurante;3
397;Restaurante el Vegetariano SAYEL;2
398;El Norteño de Yolanda;2
399;El Pez Espada, menu!;3
400;Tu Cilindro;3
401;Lolina;2
402;Restaurant Mar Limón;3
403;El Mexicano Tacos & Burritos;2
404;Comida Mercado MIRAFLORES;2
405;Opíparo;2
406;"""D'PRIMERA"" Restaurante & Chifa (comida Peruana y Oriental)";3
407;Pizza Hut;2
408;Pollo A La Leña;2
409;Entre Lomos & Costillas;1
410;Baco y Vaca Miraflores;2
411;Tanuki;2
412;Acurrúncun Cocina Criolla - Mercado28;1
413;Popolo Pizza Miraflores;2
414;Paralelo Restaurante Café;2
415;Yume - Sushi & Bar - Miraflores;2
416;Beso Francés Crepería;2
417;Pizzería Tockyn;2
418;Belgicius;2
419;Moe´s Restobar;2
420;SABOR PATRONAL;2
421;Piccolo Caffe;2
422;Terminal Pesquero Cevichería Miraflores;2
423;Prestige Restaurant;2
424;Café de la Paz;2
425;Sama Healthy Express;2
426;Los Meros Meros Tacos;2
427;Sabores Peruanos;2
428;Terminal Pesquero Cevichería Miraflores;2
429;Pasaje San Ramón (ex Calle de las Pizzas);2
430;Lucio Caffé;2
431;El Parcero RestoBar;2
432;CENTOLLA RESTAURANTE;2
433;Hamburguesas y algo mas ...;3
434;Chifa Restaurante Hong Kong;3
435;Hibashi Restaurante Japonés;2
436;Mi Menu;2
437;Mercado San Ramón;2
438;Pocha Restobar;2
439;El Sabor Norteñito Restaurante;3
440;Marqueria en miraflores;1
441;Barletto Miraflores;2
442;Dörcher Bier Miraflores;2
443;Al Tavolo Pizzas Miraflores;2
444;Santa Callejera;3
445;Mantra Indian Cuisine;2
446;Chinawok;3
447;Eventos miraflores;3
448;Mi Menu;2
449;Miwa Cuisine Lima;3
450;La Plaza Bar & Grill;2
451;PIZZARTE;2
452;Lúcumo;2
453;Amaz;3
454;Guarguero;2
455;Itadakimasu Sushi Bar;3
456;The Bunker;3
457;Chifa Kam Men;2
458;Restaurante Oriental Kuo Wha;2
459;Villa Chicken Miraflores;2
460;99 Boulevard;2
461;Cervecería Del Valle Sagrado - Taproom Miraflores, Lima;2
462;99 Boulevard;2
463;Tori Pollería;2
464;Wings! and Pork;2
465;La Paella Cebicheria;3
466;PROTEIN FOOD;2
467;Cocodrilo Verde - Lounge Bar en Miraflores;2
468;La Patarashkita;4
469;ARAGUANEY MIRAFLORES;1
470;CHIFA FELICIDAD;3
471;Punto Azul Benavides;2
472;El Arabico;2
473;RestoBar;2
474;Shaka sushi bar;4
475;Casa Andina Premium Miraflores;2
476;PIZZA RAUL MIRAFLORES;2
477;ASU MAKI;2
478;Club Social Miraflores;2
479;Casa Andina Select Miraflores;2
480;Quinoa Café;2
481;Dolce Capriccio Miraflores;2
482;Milenaria Cafe;2
483;La Cucharita Tapas Bar;2
484;Pastelería San Antonio - Miraflores;2
485;Flora & Fauna - mercado saludable;2
486;Gianfranco Caffe;2
487;Hotel Día & Noche;3
488;Matilde Cocina Peruana Fusión;2
489;HOTEL FAIRFIELD;2
490;Juice Bar;2
491;San Marcelo;2
492;Papyrus Restaurant;2
493;La Nevera Fit - Recavarren, Miraflores;2
494;Puku Puku Café Larco;2
495;Terrua Cafetería;2
496;Restaurant-Pizzeria Angello;3
497;Comida;1
498;Papyrus Restaurant;2
499;Altamar Restaurante - Tradición Marina Criolla;2
500;Estación 329;2
501;Ágora café y arte;2
502;BONGIORNO TRATTORIA;4
503;Islandia Jesus María;4
504;CHANCHIPAN;4
505;K'tana cocina japonesa;4
506;GARDEN Restaurant;4
507;Marabunta - Anticuchos y Pollos;4
508;Casa Leña Chicken & bar;4
509;Pachanka Restaurant;4
510;Rustica;4
511;Chifa Choi Yi;4
512;Luna Nueva;4
513;El Arándano;4
514;Cocina Natural;4
515;Cristal - Chinese Food;3
516;Restaurante Buffet Criollo Kasamama Jesús Maria;4
517;KO Asian Kitchen;4
518;El Aguajal (Jesús María);4
519;La Picante;4
520;La Posada de Justo;4
521;Restaurant Wiracocha;4
522;Restaurante Buffet Criollo Kasamama Jesús Maria;2
523;KO Asian Kitchen;4
524;El Aguajal (Jesús María);4
525;Restaurant Criollo Grau;4
526;Tanta de Salaverry;4
527;Chifa Long Sen;4
528;Hacha & Carbón;5
529;El Point;4
530;Tinajas Chicken & Grill;4
531;TGI Fridays;4
532;Mi Loncherita;4
533;Shimaya Ramen;3
534;Don Clemente (Leñas y Brasas);4
535;"Restaurant ""Milagros""";4
536;Pizzería Zarelle;4
537;Chifa Hong Yi;4
538;Enkai cocina nikkei;4
539;Chifa Palacio Cristal;4
540;La Esquina Del 6;4
541;Kilómetro 0;5
542;La Casa del Menú;4
543;Chifa Circulo Militar;4
544;Basho Restaurante - Polleria;4
545;Mejía Micha Heila Sujey;4
546;Pizzeria Zarelle;3
547;Casimiro;4
548;Montao;4
549;Epa-Epa Sangucheria;4
550;Taquea Pe;4
551;Mejía Micha Heila Sujey;4
552;Pizzeria Zarelle;4
553;Norky's;4
554;Luna Nueva;4
555;Dulce & Saladito;5
556;Hermanos mecca;4
557;Urku - Sabor Nativo;4
558;Kang Fu;4
559;La Buena Cocina;4
560;LongHorn Salaverry;3
561;Restaurante chriswa;4
562;Ichiro Cafetería;4
563;Chifa Lui Lei - ex Chifa WU;4
564;Restaurant Cevicheria Montemar;4
565;CESAMO'J;4
566;La Casita de Las Salchipapas;4
567;Don Belisario;3
568;Corralito;4
569;La Bistecca;2
570;Chifa Hermanos;5
571;Restaurant Roky's;4
572;Burger King;4
573;Toku;4
574;Roberto's;4
575;Papa John's Pizza;4
576;Romanti Pizza - Jesús María;4
577;Marejada Jesús María;4
578;Casa Thani;4
579;Bembos;4
580;Suyito Restobar;2
581;Sumaq Peruvian Fast Chicken;5
582;Bembos;3
583;O Marquez;2
584;La Baguette;4
585;El chino Vegano Restaurante;5
586;Akipa Restaurant - Salaverry;5
587;Kimiko;4
588;O Marquez;4
589;Kimiko;4
590;Aguaymanto San Felipe;4
591;Empanadas Paulista;4
592;Las Conchas De Sus Mares;4
593;Toto's Pizza - Jesús Maria;4
594;El Tarwi - Jesús María;5
595;Madam Tusan - Salaverry;4
596;El Manjar Marino;2
597;Restaurant Misky;3
598;KFC;2
599;La 22 Sanguchería Jesús María;4
600;Cevichería Juancito;1
601;Don Bosco Restaurante Comida Peruana Criolla;4
602;El Charichuelo;4
603;CEVICHERÍA MIRAMAR AMIGOS;4
604;María Pastor cevichería;4
605;La Taberna del CEP;3
606;Mapy's & Mapy's;3
607;Restaurant Carmela;3
608;Don Fernando Restaurante;4
609;El Bolivariano;5
610;Chifa Men Wha;3
611;Antigua Taberna Queirolo;4
612;Chifa Fu Kong;4
613;Terraza Experiencias Gastronómicas;4
614;Naruto;4
615;BARRA GRILL;3
616;Cafe Museo Larco;4
617;Los Sanguchones de Kike;2
618;Plancha - Criolla y Teppanyaki;3
619;JOVA de Carlos Acuna - Cocina Peruana y Fusión;4
620;Shimaya Ramen;5
621;Quinta Bolívar;3
622;Ohashi Maki;3
623;Pardos Chicken Pueblo Libre;4
624;La leña;3
625;La Magdalena;3
626;La Paila;3
627;La Engordacion;1
628;La Isla del Mono;3
629;Villa Chicken;2
630;Restaurante El Paisa;4
631;Rustica;4
632;Delicias De Bahnas;4
633;"Restaurant Turistico ""La Casona""";4
634;Rancho Peruano;4
635;Pizzería Demmy´s;4
636;Kaizen Sushi Bar;4
637;HUASAÍ;4
638;Culantro & Limo Restaurante Turístico;5
639;El Cajamarquino - Restaurant - Cevichería;5
640;Shimaya Restaurant;4
641;Restaurante La Casa Blanca;5
642;Casimiro;5
643;Pizzería La Romana;2
644;Jamaica Free Town;3
645;El Buen Paladar;4
646;Centro de convenciones;4
647;Papeos Pueblo Libre;4
648;"Taberna ""El Refugio del Libertador""";5
649;Chifa Tey Tey Restaurante Oriental;5
650;Master Kong;4
651;jegi;3
652;Rancho Peruano pueblo libre 1;4
653;E&F Carnes, pastas y parrillas.;4
654;Vaina Pa'buena;4
655;DOLCI RESTOBAR;4
656;El Paisa Norteño;4
657;Chifa Kam Wha;4
658;Cevicheria Marbueno;4
659;El Secreto de Los Picarones anticuchos;4
660;MINKO`S Pueblo Libre;4
661;KOGAI SUSHI RESTAURANT;4
662;Bao pueblo libre;4
663;Chifa Wo Fat;4
664;Mi Tercer Lugar;4
665;Mis Costillitas;3
666;Iro Sushi Food Truck;4
667;Chifa Heng Wha;4
668;Chifa Sen Hou;4
669;CHIFA VIP HOUSE - Comida Oriental;4
670;Chicharrones del Inca;4
671;Mamma Tomato - Pueblo Libre;4
672;Mr. Taco;2
673;MI HAMMA;4
674;WALIQ;4
675;La Amistad;4
676;Maketto krispy Pueblo Libre;4
677;Muyupampa café;4
678;La Casa de Don Ciro Restobar;5
679;Chifa El Sol;4
680;El Restaurante Venezolano;4
681;La Casa de Don Ciro Restobar;4
682;RESTAURANTE CHINO CHEN;4
683;Chifa Kang Fu;3
684;Chifa Kang Fu;4
685;Chiso's burguer;4
686;El Tayta;4
687;Chifa Xin Long;4
688;Gran Parrillada Timbó;4
689;Juguito point - Biker DMR;4
690;GRAZY;4
691;Chifa Xin Wen;5
692;Papa Rocker;4
693;El Andino Restaurante;4
694;Chifa Kong Yon;4
695;Picas Food & Drinks;4
696;Norky's Sucre;3
697;La Hamburguesería;4
698;Chifa Yeong Choy;4
699;El Buen Horno;4
700;Restaurante Esperanza Cevichería;4
701;Bembos Sucre;4
702;Ollitas Gourmett;4
703;Restaurante La Casa de Paulina;4
704;KFC;4
705;Chicharrones kio;5
706;La Choza Náutica Pueblo Libre;4
707;Chifa Pho Wa;4
708;Restaurante Cebichería Luz Mar;4
709;RINCON BROSTERO - PUEBLO LIBRE;4
710;D'evilu Cafe - Restaurante;3
711;Restaurant Cevicheria Tipo's;4
712;Tipo's;4
713;La Barca De Frank;4
714;Señor Pesca'o oficial;4
715;POLLERIA CESAREZ'S;4
716;CEBICHERIA PISCIS PUEBLO LIBRE;4
717;Anta Fusion;3
718;Yunta;4
719;D'lorean Restaurante;2
720;Tipo's;5
721;Cevicheria Restaurante El Mesón de Luz;4
722;Detalles & Añadiduras;4
723;Simon's;4
724;2REIS SOLO RESERVAS POR WS 986618362;4
725;El Campollo;4
726;Tinajas & Chicken Grill;4
727;Elchamoburguer.pe breña;4
728;Restaurant La Sazón De Doña Leo;4
729;Restaurant Pollería Felix 2;2
730;Restaurante El Buen Samaritano;4
731;La Choza Nautica;3
732;El Rinconcito De Chela;2
733;El Gran Cajamarquez;4
734;Liko's Restaurant;5
735;Restaurant Don Pasculi's;5
736;El Pichito Breña;4
737;Restaurant Los Chiclayanos;4
738;Cebichería Pepito;4
739;Amazonas Restaurant;4
740;De Mares;4
741;Cevichería Restaurant Pesca Del Dia;4
742;Limon Azul;4
743;Cebichería Pepito;5
744;De Mares;4
745;Cevichería Restaurant Pesca Del Dia;2
746;Limon Azul;3
747;Pizzería Zarelle;2
748;Soda Fountain Restaurant Star;4
749;El Buenazo;1
750;Roky's;4
751;Don Pascual Anticucheria;4
752;SanGuchon;4
753;El Brasero;4
754;El Carioco;3
755;Olga y Betty;3
756;Hamburguesas Somos Don Pepito;3
757;Ma'Robles Daniel's;4
758;Calle 13;5
759;Papero Soy Pollos a la brasa;3
760;Finca Chicken;4
761;Chifa WanTay;4
762;Chifa Wei;4
763;Mr. Pacho Breña;4
764;Chifa fernandini;3
765;Chifa WanTay;4
766;Chifa Wei;2
767;Chifa Jou Kon;3
768;Mr. Pacho Breña;4
769;Chifa fernandini;5
770;Kike's burguer;3
771;Chifa Beijing;3
772;Rustica;4
773;Anticucheria Ernesto;3
774;Chifa Wen Sen;3
775;Pizzeria Zarelle;3
776;Pizzas Kikin;1
777;Mesmerazo Burgers;3
778;Restaurante Anticuchería D' Manuel es calidad;2
779;MAKIS BAR;4
780;Pizza Hut;4
781;Chifa 168;4
782;Anticuchos D' Manuel Pionero;4
783;Restaurant El Pino;4
784;Chifa Julio;4
785;Chifa Powerlong;4
786;Roky's;4
787;Kings Pollos;5
788;Pizza Raul Breña;5
789;Coco Burger;4
790;"EL POINT DE JOSÉ ""Broaster's Chicken""";5
791;Norky's;5
792;Kachito;2
793;Restaurante El Lechusero;3
794;Restaurant Sazón Peruano;4
795;Inka fruits;4
796;Pizzería Toscana Breña;4
797;KFC;5
798;Julio's;5
799;Chili's;4
800;Limonta en su punto;3
801;Kanki Restaurant;4
802;Corralito Brena - Chickens And Grill;4
803;Restaurante Parada 14;4
804;JMB RINCONCITO FERREÑAFANO;4
805;Restaurante Azato;4
806;La Verdad De Las Conchas Negras;4
807;Mr Juva Restaurant;4
808;Restaurant Chicharroneria Mary;4
809;Marvin's;4
810;El Ají Limón;4
811;Cevicheria ATLANTIDA;4
812;La Cocina Del Chato;4
813;La Chicharroneria De Don Antonio;4
814;El Rodes;3
815;Pez Máncora;4
816;MI TERCER LUGAR;4
817;FUEGO Y SAZÓN;4
818;Mi Menestron;4
819;Cevicheria . El Sudado Del Rey;4
820;Pasión Chiclayana Restaurant turístico;4
821;RESTAURANTE SAZÓN CRIOLLA;2
822;El Lomito;4
823;Restaurante Cevicheria Sanka's;4
824;Aromas de Mar;4
825;Restaurant El GaviláN;4
826;La Perla Escondida;4
827;Chato al Ajo;5
828;Restaurant Cevicheria Jessica;4
829;Payapar Restaurante;4
830;El Pez Cholito;4
831;Filomena Restaurant & Lounge;4
832;Franko's Chicken;3
833;El Ligurino S.A;4
834;Na Guará!!;4
835;PERÚ GOURMET Restaurante;4
836;La Muralla Restaurante;4
837;ROKY'S;4
838;Restaurante Plaza San Martín;4
839;Daria Mar;4
840;Vermona;5
841;Emolienteria bar;4
842;Estadio Fútbol Club;4
843;De Cesar RESTAURANT;4
844;Pardos Chicken Plaza San Martín;4
845;Restaurante Bufet 5 Continentes (La Flecha);3
846;RESTAURANTE CORDANO;4
847;Restaurant Moyas;4
848;Cordon Blue;4
849;LA LEÑA, Jr. De La Unión;4
850;Lima 141 Sanguchería;4
851;Bodega Restaurant Carbone;4
852;R18 Restaurante & Bar;4
853;Embarcadero 41;4
854;La Muralla Restaurante;5
855;Piano Bar Munich;4
856;Chota & Bolivia Cebichería - Bar;4
857;Juanitos POLLERIA;4
858;The Bolivarcito Cathedral Pisco;4
859;Chili's | Centro Cívico;3
860;Kirpay;4
861;"Restaurante Turístico ""Lima""";4
862;Pasaje Olaya - Boulevard Gastronomico;4
863;MUSEO DEL PISCO - LIMA;4
864;Melchorita;4
865;Airesperuanos;4
866;Rincón Cervecero;3
867;Chifa Salón De La Felicidad;4
868;La Leña;2
869;La Leña;5
870;COSMOS BAR RESTAURANTE;4
871;Chinkana Piqueos & Spirits;4
872;RESTAURANT GUSTITOS AL PASO;4
873;Rico Tumbes;4
874;La Madeleine Lima - Bar y café;4
875;COSMOS BAR RESTAURANTE;4
876;RESTAURANT GUSTITOS AL PASO;4
877;Rico Tumbes;4
878;La Madeleine Lima - Bar y café;4
879;BRAVAZO;2
880;Popeyes Louisiana Kitchen;4
881;EL 2 X 1;3
882;Mi Tercer Lugar;2
883;Con Su Lado Peruano;4
884;RESTAURANT GUSTITOS AL PASO;5
885;Bar & Restaurante Pamela's;5
886;BRAVAZO;4
887;Popeyes Louisiana Kitchen;4
888;EL 2 X 1;4
889;Con Su Lado Peruano;4
890;El Plebeyo;4
891;Taco Tico Chicken Pollería Restaurant;4
892;L'Eau Vive Del Peru;4
893;Restaurante Arturo;5
894;Restaurant Heydi;4
895;El Fayke Piurano II;2
896;Al Sazon de Walter;3
897;El Mirador de Chabuca;2
898;El Gran Bitute;4
899;Pizzas & Pastas Bambino Due;1
900;La Flor de la Canela;4
901;Restaurant Anitas;4
902;Restaurante Evita;4
903;Restaurant Tea Room Hawai;4
904;Pizza Palace;3
905;Gran Chimú;3
906;Al sazón de Walter;3
907;Bar Restaurant Cordano;4
908;Restaurant Anitas;5
909;Restaurante Evita;3
910;Pizza Palace;4
911;Provence Bistrot;4
912;Manhattan;4
913;Ricardo's Restaurant;4
914;El Otro Gramadal - Restaurante . show;3
915;El Tridente Sabor Divino;4
916;Toque Criollo;2
917;Sol de Paiján;3
918;Los Portales De Lima;4
919;El Paraíso de la Salud;5
920;Dionisio Restaurante;3
921;Restaurante Mr. Koala s.a.;3
922;Restaurant El Chef Paul;4
923;Mesa Central Restaurante;3
924;Entre Peras y Manzanas;3
925;El Paisa;3
926;Mariva Restaurant;1
927;Restaurante El Norteño;3
928;Puerto Norte - Colonial;2
929;El Paisano Ferreñafano;4
930;Sanguchería El Chinito;4
931;Restaurante Las Brisas;4
932;El Adriático;4
933;El Anzuelo;4
934;Sanguchería El Chinito;4
935;Don Raul Chanfainita Local Tacna;4
936;Puerto Norte Spain;4
937;Rustica;5
938;Churros Españoles Virgen del Carmen;5
939;Restaurante Los Manglares De Tumbes;4
940;"Restaurant ""El Pacífico""";5
941;Los Vitrales;5
942;Restaurant-Cevicheria Rejitas Verdes;2
943;Restaurante Turistico La Merced;3
944;Restaurant-Cevicheria Rejitas Verdes;4
945;Casa De Cajamarca - Jr Moquegua 363 Lima;4
946;ALHAMBRA RESTAURANTE;4
947;Restaurant Doña Nieves;5
948;Restaurante GOOD KARMA;5
949;El Firme;4
950;Restaurante El Milagro;3
951;Restaurante Jesucristo es El Señor;4
952;La Esquinita comida de casa;4
953;Restaurant Chifa Estrella Fu Lai;4
954;Cevicheria Puerto 260;4
955;Munaska makis;4
956;RESTAURANT TURÍSTICO MACHUPICCHU;4
957;Huarique Petit Thouars;4
958;El Rincón Que No Conoces;4
959;El encanto de la selva - Lince;4
960;Rustica;4
961;VALERIO RESTAURANTE;4
962;El Bijao;4
963;Trattoria El Bambino;4
964;Chulucanas Restaurante;3
965;Bangkok Restaurant;4
966;La Vianda;4
967;Chanfainita Rica;4
968;Zen Sushi Bar;4
969;Doomo Saltado;4
970;Cevicheria Vanessa la norteña;4
971;Chios Chicken;2
972;Chifa El Dorado;4
973;Tip Top;4
974;Huarique Petit Thouars;4
975;VALERIO RESTAURANTE;4
976;La Vianda;4
977;Chifa Risso Restaurante;5
978;Ohashi Maki;4
979;Parrilladas Hilton;4
980;Santa Ana Cafetería;4
981;Mi Rico Lince - Restobar;4
982;Me Gusta Italiano;3
983;Anticucheria Alberto Y Elodia;4
984;Restaurante Plato Hondo;4
985;El Burrito;4
986;Chifa Arbol Grande;4
987;Hungry's;4
988;Chifa Chang Fu;4
989;El Camaleon;4
990;Nación Cervecera Lince;5
991;Chifa Cosecha;4
992;Carnívoro Lince;4
993;Restaurante Lince2;4
994;Brocheta Bar;4
995;Miami Creole Chicken;3
996;Doña Santa;4
997;Siete Sopas;4
998;Cevicheria Vanessa la norteña;4
999;Tip Top;4
1000;Huarique Petit Thouars;4
1001;Isidro Bistró Limeño;2
1002;San Ceferino;2
1003;Tanta;2
1004;Baco y Vaca | San Isidro;2
1005;OSSO San Isidro;2
1006;La Calesa;2
1007;Antica Pizzería San Isidro;2
1008;Zen Sushi Bar;2
1009;El Hornero;2
1010;Astrid y Gastón;2
1011;Nanka;2
1012;Olé Restaurante;2
1013;Popolo Pizza San Isidro;2
1014;Troppo Restaurante;2
1015;La Latteria;2
1016;Aida Sushi Bar;2
1017;Como Agua Para Chocolate;2
1018;Pasta;2
1019;Dossis;2
1020;Fu Jou chinese restaurant (San Isidro);2
1021;La Carreta;2
1022;Primos Chicken Bar;2
1023;LongHorn San Isidro;2
1024;La Cuadra de Salvador - Steakhouse;2
1025;El Jefe;2
1026;Mamma Lola - San Isidro;2
1027;La Baguette;2
1028;Pardos Chicken;2
1029;Sarcletti Dos de Mayo, San Isidro;2
1030;La Bonbonniere;2
1031;LA BISTECCA Pasta- Grill;2
1032;La Linterna;2
1033;Restaurante y Bar 365;2
1034;Popular de aquí y de allá - San Isidro;2
1035;DELICADO;2
1036;Bahía Lima Restaurante - San Isidro;1
1037;Piazza Restobar Pizzeria - San Isidro;2
1038;MishMash - Restaurante comida rapida;2
1039;Street Burger;2
1040;Franklin Restaurante;2
1041;Mamma Tomato - San Isidro;2
1042;Osteria Convivium;2
1043;Almagro Tasca;2
1044;Restaurante Zendo;2
1045;Osaka;2
1046;La Cocina de Ximena;2
1047;Makimona - San Isidro;2
1048;D' Tinto & Bife;2
1049;Estación 326 Restaurant;2
1050;Baan Perú;2
1051;Cherry Café Restaurant Pastelería;2
1052;Restaurante Carlos;2
1053;Trattoria Mambrino;2
1054;Cosme Restaurante y Bar;2
1055;Pizzería La Romana;2
1056;Restaurante Maras;2
1057;Café A Bistro;2
1058;Amoramar;2
1059;San Telmo;2
1060;Celso Restaurante;2
1061;Mattarello;2
1062;Restaurante 300;2
1063;HANZO Restaurante;2
1064;500 Grados by Jaime Pesaque;2
1065;DeliBakery San Isidro;2
1066;Lila Dasso;2
1067;La Principal;2
1068;La Piadineria;2
1069;Zoe&Joe, barra cafè y pastel;2
1070;Limana;2
1071;Shizen Barra Nikkei;2
1072;Islandia San Isidro;2
1073;La Bodega de la Trattoría;2
1074;Quinoa Café;2
1075;Fútbol & Sabor;2
1076;Ayllu Restaurate;2
1077;Restaurant Cuarto & Mitad;2
1078;Restaurante Amistad;2
1079;El Parrillero;2
1080;Johnny Rockets;2
1081;Señor Limón;2
1082;Martina Comida y Cafe;2
1083;Chifa Royal;2
1084;21.02 Resto & Lounge (by Dazzler San Isidro);1
1085;ARIRANG -Restaurante Coreano;2
1086;Edo Sushi Bar - Sede Basadre;2
1087;SATO Kitchen Atelier & Wine Boutique;2
1088;El Pan de la Chola Dasso;2
1089;Selectos Ibéricos - Centro Empresarial;1
1090;Cocina Turca;2
1091;Delicass Dasso;2
1092;Caplina - San Isidro;2
1093;Sapiens;2
1094;Kimura Cocina Nikkei;1
1095;D'Sala Caffè;2
1096;ALADO;2
1097;José Antonio;2
1098;Symposium;2
1099;Donizetti;3
1100;La Traviata;2
1101;Saya Restaurante;2
1102;Notas de Cata - San Isidro;2
1103;Lima Golf Club Restaurante;2
1104;Anacardo;2
1105;EL PEZ ON - SAN ISIDRO;2
1106;Shi-Nua;2
1107;Épicerie Dasso;2
1108;Señor Limón;2
1109;Pánguche;2
1110;La Sanahoria;2
1111;Chim&Changas;2
1112;Chifa Lung Fung;2
1113;Ka Son Fan;3
1114;Cami Pollos;2
1115;La Locanda;2
1116;Fely RESTAURANTE;3
1117;Segundo Muelle - Conquistadores;2
1118;Nori Taco - San Isidro;3
1119;Restaurante El Farolito;2
1120;Tomodachi;2
1121;Restaurante Barrio Begonias;2
1122;Café Alexia;2
1123;Punto Azul;2
1124;D'Saida - Restaurante;2
1125;Perroquet Restaurant (Country Club Lima Hotel);2
1126;El Jade Restaurant Oriental;2
1127;Market 770;2
1128;El Olivar Restaurant Bar (Sonesta Hotel El Olivar);2
1129;El Frejolon - Comida Criolla;2
1130;Sushi by Noz;3
1131;La Plaza Bar&Grill;3
1132;Embarcadero 41;2
1133;Moda y Café;2
1134;La Carretita;2
1135;Restaurante La Rica Miel;2
1136;Chez Eladio;2
1137;Marisa Guiulfo;2
1138;Natural Terra;1
1139;Quinoa Café;2
1140;Deleite del Mar;2
1141;Toshiro's;2
1142;Restaurante Key club;2
1143;Barra Chalaca;2
1144;La Fondue Restaurante (Swissotel Lima);2
1145;Chifa Fung Kuan;2
1146;Islandia San Isidro;1
1147;Barra Marina San Isidro;3
1148;Restaurante A Tu Gusto;2
1149;Resserva Prime Steak House;2
1150;Las Terrazas de San Isidro;1
1151;Restaurante Don Francisco;1
1152;Dolce Capriccio San Isidro;2
1153;Kilo;2
1154;CEVICHERIA LA PLAYA;2
1155;La 35 restaurante;2
1156;Restaurant Los Algarrobos;3
1157;La Choza Nautica San Isidro;3
1158;San Isidro Amistad;3
1159;288 Conquistadores Cafe;2
1160;Le Cafe;1
1161;Mi vocho;2
1162;Portofino Restobar;2
1163;D'Cazuela;2
1164;La Casa de España Restaurante;2
1165;El Gordo Delgado;1
1166;Menuando;3
1167;La Mora Pastelería & Café;2
1168;Estacion 79 Cafe & Restaurante;2
1169;Punta Sal - Conquistadores;2
1170;Casa Andina Premium San Isidro;2
1171;Restaurant - Juguería Y Cafetería Al Paso Kamila;2
1172;Neo Hotel Boutique;2
1173;Santa Gula;2
1174;San Rafael;5
1175;Pastelería San Antonio - San Isidro;2
1176;Toshi Japanese Restaurant;2
1177;Restaurant Cevicheria Antojitos;2
1178;Restaurant La Sazon;2
1179;YanaQuncha;2
1180;Santo Sabor;3
1181;Poke Boss;3
1182;Mercatto Verde;2
1183;Embarcadero 41;2
1184;Piacere;2
1185;Picogallo;2
1186;Ikedo;2
1187;Terminal Pesquero Cevichería Canaval;2
1188;Brunella Restaurant;3
1189;El Escondite - Blondet;2
1190;Lima Kombo;2
1191;Mapy's & Mapy's;2
1192;Señor Panza;2
1193;La Miga;2
1194;Loreta;2
1195;La Fresca;2
1196;Resserva 675;2
1197;Restaurante Don Palí;2
1198;Restaurante Bueno Y Barato;2
1199;Restaurante Kamila;1
1200;Hotel Swissôtel Lima;2
1201;La Romantica;2
1202;La Bistecca;2
1203;Santo Menú;3
1204;Sushi Cage;2
1205;Blue Moon;2
1206;Rustica;2
1207;Trattoria El Bambino;2
1208;Siete Sopas;2
1209;CHIOS CHICKEN (LINCE);2
1210;Pollos Hilton;2
1211;CHIOS SOPAS;2
1212;El Bijao;2
1213;El encanto de la Ñañita;2
1214;Doomo Saltado;2
1215;Parrilladas Hilton;2
1216;Tip Top Lince;2
1217;Il Buon Mangiare;2
1218;La Casa De Javichooo;2
1219;"Restaurant ""Café Risso""";3
1220;De la Sarten a la Mesa @delasartenalamesa;2
1221;ERIKA Chicharronería, Restaurante, Salchipapas;2
1222;La Choza Nautica Lince;3
1223;EL EGIPCIO;2
1224;Chifa El Dorado;2
1225;Restaurante Buffet Criollo Kasamama Lince;2
1226;Restaurante Chio;2
1227;El Chef Restaurant;2
1228;Villa Chicken;2
1229;Cevicheria Vanessa la norteña;2
1230;Santa Ana Cafetería;2
1231;Loving Hut Lince - Golden Food;2
1232;Mi Carcochita;2
1233;Restaurant El tronquito, Comida Criolla;2
1234;Senshi;2
1235;Me Gusta Italiano;2
1236;El Camaleon;3
1237;A Lo Macho;3
1238;Norky's;2
1239;A Tu Gusto;2
1240;Anticuchos De Roberto;2
1241;Naed Enrollados Lince;2
1242;La Casa de Javicho;2
1243;Ohashi Maki;2
1244;El sabor criollo de Samy;2
1245;Mamma Rosa Restaurante;2
1246;Marejada Lince;3
1247;Restaurante Plato Hondo;2
1248;Restaurante Entre Fideos;2
1249;MaiSushi;2
1250;Restaurant & Tienda Vegetariana VILLA NATURA;2
1251;La linceña;2
1252;Rubens Restaurante;1
1253;Hungry's;2
1254;Fuente de Soda Restaurant Ana Cristina;2
1255;Pappas Grill - Lince;3
1256;Donde Walter;2
1257;EL CRIOCO;3
1258;Chifa Risso Restaurante;3
1259;Restaurant Majaz Fusión Selvática;2
1260;Restaurant Cevicheria Dieguiño;2
1261;Pollos a La Brasa Dragón;2
1262;Begui+;2
1263;Restaurant CHIFA ESTRELLA;2
1264;Majoy;2
1265;Anticucheria Alberto Y Elodia;2
1266;LA PATRONAL BRASAS & FUSION;2
1267;El Burrito;3
1268;Restaurante La Hacienda;2
1269;La Sociedad Restobar;2
1270;Sr. Kim;2
1271;Restaurant Tito's;2
1272;McDonald's;2
1273;Los Colores de Colombia;3
1274;DELIVERY | Restaurante | Cevichería: Corner Marino | Lince - Lima;2
1275;Mi Rico Lince - Restobar;2
1276;Marcela En Su Punto;3
1277;Pollos y Parrillas Ricco's - Lince;2
1278;Pizzería Don Lucho;2
1279;Spadavecchia Pizza;2
1280;Buen Sabor;2
1281;Anticuchería Doña Pochita;2
1282;Chifa Chang Fu;3
1283;Chifa Ming Ming;3
1284;Chifa Arbol Grande;3
1285;Brocheta Bar;1
1286;Chanfainita Kelly;2
1287;Nación Cervecera Lince;2
1288;Sótano 25 Restobar;2
1289;chifa jade chino;2
1290;Cevichería Puerto Nuevo;2
1291;Brava Wings Lince;2
1292;Restaurante Vegetariano;1
1293;El Rincón Del Chato Barraza;3
1294;Chifa taypa;2
1295;La Rellenita Burger;1
1296;Chifa oriental;3
1297;B12 VEGGIE FOOD;2
1298;Chifa Cosecha;2
1299;Carnívoro Lince;2
1300;Cafe Rock;2
1301;POLLERIA LYKYS;2
1302;INTIWARMA LINCE;3
1303;NAMU ALIMENTO COREANO;2
1304;Huarique Petit Thouars;2
1305;Pollo Ranchero;4
1306;Jarú Sushi Bar Perú;2
1307;Miami Chicken Criollo;3
1308;KFC;3
1309;Dick's Bar RESTOBAR;2
1310;El Rincón Que No Conoces;2
1311;Ramen House;2
1312;Luna Llena;3
1313;Pizza Raul LINCE;2
1314;Restaurante Cevicheria;2
1315;La Estrellita del Sur;2
1316;Bangkok Thai Restaurant;2
1317;El encanto de la selva - Lince;2
1318;Criollito Restaurant;2
1319;Paradero Estambul Shawarma;2
1320;Restaurante Juanita;2
1321;ABDUL Shawarmas;2
1322;Restaurant El Abuelo;2
1323;Restaurante El Merlin De Cabo Blanco;2
1324;Chanfainita de la Tía Ceci;2
1325;Buenas Carnes Mucho Gusto;2
1326;VALERIO RESTAURANTE;2
1327;Roky's;3
1328;La Posada de Edith;2
1329;Ñaños Restaurant;2
1330;Chifa Long Piu;2
1331;Gramadal Restaurante;2
1332;Pavos y Chicharrones Santa Mónica;2
1333;Cevichería Beto - Lince;2
1334;El Chinguirito;2
1335;Chulucanas Restaurante;2
1336;Cónchale;2
1337;Richard's Pescados Y Mariscos;2
1338;La Cucineria 1074;2
1339;La Fonda Restaurante;3
1340;Barra cevichera Jose & Juanita - LINCE;2
1341;PIZZA RAUL CANEVARO;2
1342;Domino's Pizza;2
1343;La Vianda;2
1344;Restaurantes comida Arequipeña;4
1345;Chuli Restaurant & Cevichería;2
1346;Chana;2
1347;Sampe's;2
1348;Rinconcito Punto y Sabor Arequipa;2
1349;El Paisita Restaurant;1
1350;El Mordisco;2
1351;Punto Marino;2
1352;Pastificio Ligure;2
1353;Don Beto;2
1354;El Pichito Lince;2
1355;BOLICHERA 2335;2
1356;El Exquisito Juguería & Restaurante;2
1357;El Paisita;2
1358;Bartolomé Restaurante & Cevichería;3
1359;Restaurante Vegetariano Fuente Natural;2
1360;El Clasico Del Sabor;2
1361;El Rinconcito Arequipeño;3
1362;PUESTO 7 DE COMIDAS;1
1363;El Manjar Marino;2
1364;Picantería Arequipeña Estrellita Del Sur 2 - Local Lince;2
1365;Restaurante Cevichería Lizet;3
1366;LIMON & BRASAS;2
1367;Los Piuranos;2
1368;Restaurant Oskhar's;2
1369;QUSQHA Restaurante-Café;2
1370;Restaurant Cevicheria;3
1371;Conchas Negras Don Emilio;2
1372;Pecado Marino;2
1373;ELROCOTO365;1
1374;Restaurante _ Cevichería TARA;2
1375;Mayo's Cebichería - Restaurante;2
1376;Barra Pichanguera;2
1377;Bla bla;3
1378;Cevichería Miramar Lince;2
1379;El Cebiche de Ronald;2
1380;Restaurante Karibe;1
1381;Menú El puerto N 1;2
1382;Condimentos;2
1383;Traficantes Lince;1
1384;Conga;2
1385;Restaurant Julian;1
1386;La Bajada De Milas - Sanguchería y Hamburguesería;2
1387;El Mana;3
1388;Restaurant Alfa Y Omega;3
1389;Amalia Cocina;2
1390;La Olla Ayacuchana;3
1391;Donde Rodo;2
1392;La Valentina Cevicheria - Restaurant;3
1393;Camu;3
1394;Delicias De La Naturaleza;2
1395;Buquecito Huarique Cevichero;2
1396;Restaurant FinoMar;2
1397;ZARELLE PIZZERIA & TRATTORIA;2
1398;El Farolito;2
1399;Pickle's Churrasquería;2
1400;Doña Santa;3
1401;La Bravaza Burger;2
1402;La Cabañita;2
1403;Restaurant - Cevicheria El encanto del mar;2
1404;Tkacho restaurant amazonico;2
1405;Cecy Lince;3
1406;Regina's;1
1407;Restaurante Alevin;3
1408;Restaurant Mary;2
1409;Barra Arena;2
1410;Deli Rous;2
1411;Atarraya Resto Bar;3
1412;Barrio Pesquero;2
1413;Risso's pescados y mariscos;3
1414;Richards Pescados y Mariscos;2
1415;Ronald;2
1416;Yin Su;2
1417;Muelle Azul - Restaurante & Cevichería;1
1418;Ohashi Maki;2
1419;Restaurante Antologías;2
1420;CHIFA KAM;2
1421;La chinita;1
1422;Levaggi;2
1423;Cevichería Alejandra;2
1424;El Cascajal;2
1425;Ají y Rocoto;2
1426;La Pasta Sciutta S.A.;2
1427;SConcha Lince;2
1428;Cebicheria Ronald;1
1429;Concentrado De Maca Y Desayunos DOÑA LUCY De La Asociacion De Vendedores De Emolientes Lince;2
1430;Criollito;2
1431;Chino Limón;3
1432;Sebastian Burgers;2
1433;Delicias De Recayó;2
1434;Emma Lu;1
1435;Reketekellenas;1
1436;Desayuno «RICO RICO»;2
1437;El Parroquiano Restaurante;2
1438;X;3
1439;Maraji Express;2
1440;Don Pepe Inc;1
1441;Titos;2
1442;Cinco Panes Dos Peces;3
1443;El Cangrejo Reventado;3
1444;La Choza Chicken Lince;3
1445;Restaurante La Olla Ayacuchana 2;2
1446;Suyi Obento;2
1447;Mr. Bingsu;2
1448;Comida al paso;1
1449;Pollería y Pizzería Asarela;2
1450;Don Teofilo;2
1451;El Buen Pescador;2
1452;El Honguito;2
1453;Restaurante Arequipeño El Mistiano;2
1454;Fuente De La Salud;2
1455;Cevicheria Chany;3
1456;Café Risso;2
1457;Shawarma El bambi & el gordo;2
1458;Mirá ve! Lima;4
1459;Kingdom Hotel;2
1460;Onigiri Store;2
1461;Mi Tercer Lugar;2
1462;"Pollos Broaster al paso ""Sra. Soledad""";3
1463;El Mejor Tamal De Lince;1
1464;Andiamo Café Trattoria;2
1465;Anticucho La Victoria;2
1466;Restaurant Cevicheria La Casa De Edith;2
1467;RESTAURANTE LA JOYITA;1
1468;DON LUCHO;2
1469;Doña victoria (papa con huevo y choclo);2
1470;La Cajamarquina;2
1471;El Tarwi - La Victoria;2
1472;Kankacho Ayavireño Doña Julia En Lima;2
1473;Restaurante La Marea, Pescados y Mariscos;2
1474;Lo Justo Y Necesario;2
1475;Restaurante Rosita;3
1476;Restaurant Charle's;3
1477;Bodega la selva;3
1478;Rosita;3
1479;Caleta Victoria;2
1480;LA CARPITA VERDE;2
1481;Llaneros grill;2
1482;Restaurante Vicky;2
1483;Restaurante como en casa;1
1484;El Viejo Velero;2
1485;El Restaurante Paladar;2
1486;Restaurant La Terraza;2
1487;Restaurant La Buena Muerte;2
1488;Restaurante LA 10;3
1489;Restaurante Don Alfredo;2
1490;La Chaucalla;2
1491;La chinchanita;2
1492;Cevichería Mi Barrunto;2
1493;Huancahuasi;2
1494;El Paisita;2
1495;Restaurante el Garaje;2
1496;RJ.Pescados y Mariscos;2
1497;Yunta Cocina Peruana;2
1498;50/50 Barra Restaurante;2
1499;huanuqueña café restaurante;2
1500;El Verídico de Fidel;2
