Source;Target;Weight;Label;Type
1;2;4;Valoración total;No Dirigida
1;3;4;Valoración total;No Dirigida
1;4;4;Valoración total;No Dirigida
2;3;4;Valoración total;No Dirigida
2;4;4;Valoración total;No Dirigida
2;5;4;Valoración total;No Dirigida
3;4;4;Valoración total;No Dirigida
3;5;4;Valoración total;No Dirigida
3;6;4;Valoración total;No Dirigida
4;5;4;Valoración total;No Dirigida
4;6;4;Valoración total;No Dirigida
5;1;4;Valoración total;No Dirigida
5;6;4;Valoración total;No Dirigida
6;2;4;Valoración total;No Dirigida
6;7;4;Valoración total;No Dirigida
6;8;4;Valoración total;No Dirigida
7;4;4;Valoración total;No Dirigida
7;5;4;Valoración total;No Dirigida
7;8;4;Valoración total;No Dirigida
8;5;4;Valoración total;No Dirigida
8;9;4;Valoración total;No Dirigida
9;5;4;Valoración total;No Dirigida
9;6;4;Valoración total;No Dirigida
9;7;4;Valoración total;No Dirigida
10;6;4;Valoración total;No Dirigida
10;7;4;Valoración total;No Dirigida
10;8;4;Valoración total;No Dirigida
10;9;4;Valoración total;No Dirigida
11;8;4;Valoración total;No Dirigida
11;9;4;Valoración total;No Dirigida
11;10;4;Valoración total;No Dirigida
11;12;4;Valoración total;No Dirigida
12;9;4;Valoración total;No Dirigida
12;8;4;Valoración total;No Dirigida
12;7;4;Valoración total;No Dirigida
13;10;4;Valoración total;No Dirigida
13;11;4;Valoración total;No Dirigida
13;12;4;Valoración total;No Dirigida
14;13;4;Valoración total;No Dirigida
14;15;5;Valoración total;No Dirigida
14;16;4;Valoración total;No Dirigida
15;16;5;Valoración total;No Dirigida
15;17;5;Valoración total;No Dirigida
15;18;5;Valoración total;No Dirigida
16;17;4;Valoración total;No Dirigida
16;18;4;Valoración total;No Dirigida
16;19;4;Valoración total;No Dirigida
17;18;4;Valoración total;No Dirigida
17;19;4;Valoración total;No Dirigida
17;20;4;Valoración total;No Dirigida
18;19;4;Valoración total;No Dirigida
18;20;4;Valoración total;No Dirigida
18;21;4;Valoración total;No Dirigida
19;20;4;Valoración total;No Dirigida
19;21;4;Valoración total;No Dirigida
19;22;4;Valoración total;No Dirigida
20;21;4;Valoración total;No Dirigida
20;22;4;Valoración total;No Dirigida
20;23;4;Valoración total;No Dirigida
21;22;4;Valoración total;No Dirigida
21;23;4;Valoración total;No Dirigida
21;24;3;Valoración total;No Dirigida
22;23;4;Valoración total;No Dirigida
22;24;3;Valoración total;No Dirigida
22;25;5;Valoración total;No Dirigida
23;24;3;Valoración total;No Dirigida
23;25;5;Valoración total;No Dirigida
23;26;4;Valoración total;No Dirigida
24;25;4;Valoración total;No Dirigida
24;26;3;Valoración total;No Dirigida
25;26;5;Valoración total;No Dirigida
25;27;5;Valoración total;No Dirigida
25;28;5;Valoración total;No Dirigida
26;27;4;Valoración total;No Dirigida
26;28;4;Valoración total;No Dirigida
26;29;5;Valoración total;No Dirigida
27;28;4;Valoración total;No Dirigida
27;29;5;Valoración total;No Dirigida
27;30;4;Valoración total;No Dirigida
28;29;5;Valoración total;No Dirigida
28;30;4;Valoración total;No Dirigida
28;31;4;Valoración total;No Dirigida
29;30;5;Valoración total;No Dirigida
29;31;5;Valoración total;No Dirigida
29;32;5;Valoración total;No Dirigida
30;31;4;Valoración total;No Dirigida
30;32;4;Valoración total;No Dirigida
30;33;4;Valoración total;No Dirigida
30;34;4;Valoración total;No Dirigida
31;32;4;Valoración total;No Dirigida
31;33;4;Valoración total;No Dirigida
31;34;4;Valoración total;No Dirigida
32;33;4;Valoración total;No Dirigida
32;34;4;Valoración total;No Dirigida
33;34;4;Valoración total;No Dirigida
33;35;5;Valoración total;No Dirigida
34;35;5;Valoración total;No Dirigida
34;36;4;Valoración total;No Dirigida
35;36;5;Valoración total;No Dirigida
35;37;4;Valoración total;No Dirigida
36;37;4;Valoración total;No Dirigida
36;38;5;Valoración total;No Dirigida
37;38;5;Valoración total;No Dirigida
37;39;4;Valoración total;No Dirigida
38;39;5;Valoración total;No Dirigida
38;40;6;Valoración total;No Dirigida
39;40;5;Valoración total;No Dirigida
39;41;4;Valoración total;No Dirigida
40;41;5;Valoración total;No Dirigida
40;42;5;Valoración total;No Dirigida
41;42;4;Valoración total;No Dirigida
41;43;4;Valoración total;No Dirigida
42;43;4;Valoración total;No Dirigida
42;44;4;Valoración total;No Dirigida
43;44;4;Valoración total;No Dirigida
43;45;4;Valoración total;No Dirigida
44;45;4;Valoración total;No Dirigida
44;46;4;Valoración total;No Dirigida
45;46;4;Valoración total;No Dirigida
45;47;4;Valoración total;No Dirigida
47;48;4;Valoración total;No Dirigida
47;49;4;Valoración total;No Dirigida
48;49;4;Valoración total;No Dirigida
48;50;4;Valoración total;No Dirigida
49;50;4;Valoración total;No Dirigida
49;51;5;Valoración total;No Dirigida
50;51;5;Valoración total;No Dirigida
50;52;5;Valoración total;No Dirigida
51;52;6;Valoración total;No Dirigida
51;53;5;Valoración total;No Dirigida
52;53;5;Valoración total;No Dirigida
52;54;5;Valoración total;No Dirigida
53;54;4;Valoración total;No Dirigida
53;55;4;Valoración total;No Dirigida
54;55;4;Valoración total;No Dirigida
54;56;5;Valoración total;No Dirigida
55;56;5;Valoración total;No Dirigida
55;57;5;Valoración total;No Dirigida
56;57;6;Valoración total;No Dirigida
56;58;5;Valoración total;No Dirigida
57;58;5;Valoración total;No Dirigida
57;59;5;Valoración total;No Dirigida
58;59;4;Valoración total;No Dirigida
58;60;4;Valoración total;No Dirigida
59;60;4;Valoración total;No Dirigida
59;61;4;Valoración total;No Dirigida
60;61;4;Valoración total;No Dirigida
60;62;4;Valoración total;No Dirigida
61;62;4;Valoración total;No Dirigida
61;63;4;Valoración total;No Dirigida
62;63;4;Valoración total;No Dirigida
62;64;4;Valoración total;No Dirigida
63;64;4;Valoración total;No Dirigida
63;65;4;Valoración total;No Dirigida
64;65;4;Valoración total;No Dirigida
64;66;4;Valoración total;No Dirigida
65;66;4;Valoración total;No Dirigida
65;67;4;Valoración total;No Dirigida
66;67;4;Valoración total;No Dirigida
66;68;4;Valoración total;No Dirigida
67;68;4;Valoración total;No Dirigida
67;69;3;Valoración total;No Dirigida
68;69;3;Valoración total;No Dirigida
68;70;4;Valoración total;No Dirigida
69;70;3;Valoración total;No Dirigida
69;71;3;Valoración total;No Dirigida
70;71;4;Valoración total;No Dirigida
70;72;4;Valoración total;No Dirigida
71;72;4;Valoración total;No Dirigida
71;73;4;Valoración total;No Dirigida
72;73;4;Valoración total;No Dirigida
72;74;4;Valoración total;No Dirigida
73;74;4;Valoración total;No Dirigida
73;75;7;Valoración total;No Dirigida
74;75;7;Valoración total;No Dirigida
74;76;4;Valoración total;No Dirigida
75;76;7;Valoración total;No Dirigida
75;77;10;Valoración total;No Dirigida
76;77;7;Valoración total;No Dirigida
76;78;5;Valoración total;No Dirigida
77;78;8;Valoración total;No Dirigida
77;79;7;Valoración total;No Dirigida
78;79;5;Valoración total;No Dirigida
78;80;5;Valoración total;No Dirigida
79;80;4;Valoración total;No Dirigida
79;81;5;Valoración total;No Dirigida
80;81;5;Valoración total;No Dirigida
80;82;4;Valoración total;No Dirigida
81;82;5;Valoración total;No Dirigida
81;83;5;Valoración total;No Dirigida
82;83;4;Valoración total;No Dirigida
82;84;4;Valoración total;No Dirigida
83;84;4;Valoración total;No Dirigida
83;85;4;Valoración total;No Dirigida
84;85;4;Valoración total;No Dirigida
84;86;4;Valoración total;No Dirigida
85;86;4;Valoración total;No Dirigida
85;87;4;Valoración total;No Dirigida
86;87;4;Valoración total;No Dirigida
86;88;5;Valoración total;No Dirigida
87;88;5;Valoración total;No Dirigida
87;89;4;Valoración total;No Dirigida
88;89;5;Valoración total;No Dirigida
88;90;5;Valoración total;No Dirigida
89;90;4;Valoración total;No Dirigida
89;91;3;Valoración total;No Dirigida
90;91;3;Valoración total;No Dirigida
90;92;4;Valoración total;No Dirigida
91;92;3;Valoración total;No Dirigida
91;93;2;Valoración total;No Dirigida
92;93;3;Valoración total;No Dirigida
92;94;5;Valoración total;No Dirigida
93;94;4;Valoración total;No Dirigida
93;95;3;Valoración total;No Dirigida
94;95;5;Valoración total;No Dirigida
94;96;5;Valoración total;No Dirigida
95;96;4;Valoración total;No Dirigida
95;97;4;Valoración total;No Dirigida
96;97;4;Valoración total;No Dirigida
96;98;4;Valoración total;No Dirigida
97;98;4;Valoración total;No Dirigida
97;99;4;Valoración total;No Dirigida
98;99;4;Valoración total;No Dirigida
98;100;5;Valoración total;No Dirigida
99;100;5;Valoración total;No Dirigida
99;101;4;Valoración total;No Dirigida
100;101;5;Valoración total;No Dirigida
100;102;5;Valoración total;No Dirigida
101;102;4;Valoración total;No Dirigida
101;103;5;Valoración total;No Dirigida
102;103;5;Valoración total;No Dirigida
102;104;3;Valoración total;No Dirigida
103;104;4;Valoración total;No Dirigida
103;105;5;Valoración total;No Dirigida
104;105;3;Valoración total;No Dirigida
104;106;3;Valoración total;No Dirigida
105;106;4;Valoración total;No Dirigida
105;107;5;Valoración total;No Dirigida
106;107;5;Valoración total;No Dirigida
106;108;4;Valoración total;No Dirigida
107;108;5;Valoración total;No Dirigida
107;109;5;Valoración total;No Dirigida
108;109;4;Valoración total;No Dirigida
108;110;6;Valoración total;No Dirigida
109;110;5;Valoración total;No Dirigida
109;111;3;Valoración total;No Dirigida
110;111;5;Valoración total;No Dirigida
110;112;6;Valoración total;No Dirigida
111;112;4;Valoración total;No Dirigida
111;113;3;Valoración total;No Dirigida
112;113;5;Valoración total;No Dirigida
112;114;6;Valoración total;No Dirigida
113;114;5;Valoración total;No Dirigida
113;115;4;Valoración total;No Dirigida
114;115;5;Valoración total;No Dirigida
114;116;5;Valoración total;No Dirigida
115;116;4;Valoración total;No Dirigida
115;117;4;Valoración total;No Dirigida
116;117;4;Valoración total;No Dirigida
116;118;6;Valoración total;No Dirigida
117;118;6;Valoración total;No Dirigida
117;119;4;Valoración total;No Dirigida
118;119;6;Valoración total;No Dirigida
118;120;6;Valoración total;No Dirigida
119;120;4;Valoración total;No Dirigida
119;121;4;Valoración total;No Dirigida
120;121;4;Valoración total;No Dirigida
120;122;4;Valoración total;No Dirigida
121;122;4;Valoración total;No Dirigida
121;123;4;Valoración total;No Dirigida
122;123;4;Valoración total;No Dirigida
122;124;3;Valoración total;No Dirigida
123;124;3;Valoración total;No Dirigida
123;125;4;Valoración total;No Dirigida
124;125;3;Valoración total;No Dirigida
124;126;3;Valoración total;No Dirigida
125;126;4;Valoración total;No Dirigida
125;127;4;Valoración total;No Dirigida
126;127;4;Valoración total;No Dirigida
126;128;4;Valoración total;No Dirigida
127;128;4;Valoración total;No Dirigida
127;129;4;Valoración total;No Dirigida
128;129;4;Valoración total;No Dirigida
128;130;4;Valoración total;No Dirigida
129;130;4;Valoración total;No Dirigida
129;131;4;Valoración total;No Dirigida
130;131;4;Valoración total;No Dirigida
130;132;5;Valoración total;No Dirigida
131;132;5;Valoración total;No Dirigida
131;133;4;Valoración total;No Dirigida
132;133;5;Valoración total;No Dirigida
132;134;5;Valoración total;No Dirigida
133;134;4;Valoración total;No Dirigida
133;135;5;Valoración total;No Dirigida
134;135;5;Valoración total;No Dirigida
134;136;4;Valoración total;No Dirigida
135;136;5;Valoración total;No Dirigida
135;137;5;Valoración total;No Dirigida
136;137;4;Valoración total;No Dirigida
136;138;4;Valoración total;No Dirigida
137;138;4;Valoración total;No Dirigida
137;139;4;Valoración total;No Dirigida
138;139;4;Valoración total;No Dirigida
138;140;3;Valoración total;No Dirigida
139;140;3;Valoración total;No Dirigida
139;141;5;Valoración total;No Dirigida
140;141;4;Valoración total;No Dirigida
140;142;4;Valoración total;No Dirigida
141;142;6;Valoración total;No Dirigida
141;143;7;Valoración total;No Dirigida
142;143;7;Valoración total;No Dirigida
142;144;6;Valoración total;No Dirigida
143;144;7;Valoración total;No Dirigida
143;145;6;Valoración total;No Dirigida
144;145;5;Valoración total;No Dirigida
144;146;5;Valoración total;No Dirigida
145;146;4;Valoración total;No Dirigida
145;147;4;Valoración total;No Dirigida
146;147;4;Valoración total;No Dirigida
146;148;4;Valoración total;No Dirigida
147;148;4;Valoración total;No Dirigida
147;149;4;Valoración total;No Dirigida
148;149;4;Valoración total;No Dirigida
148;150;3;Valoración total;No Dirigida
149;150;3;Valoración total;No Dirigida
149;151;5;Valoración total;No Dirigida
150;151;4;Valoración total;No Dirigida
150;152;3;Valoración total;No Dirigida
151;152;5;Valoración total;No Dirigida
151;153;6;Valoración total;No Dirigida
152;153;5;Valoración total;No Dirigida
152;154;5;Valoración total;No Dirigida
153;154;6;Valoración total;No Dirigida
153;155;5;Valoración total;No Dirigida
154;155;5;Valoración total;No Dirigida
154;156;4;Valoración total;No Dirigida
155;156;3;Valoración total;No Dirigida
155;157;3;Valoración total;No Dirigida
156;157;2;Valoración total;No Dirigida
156;158;3;Valoración total;No Dirigida
157;158;3;Valoración total;No Dirigida
157;159;2;Valoración total;No Dirigida
158;159;3;Valoración total;No Dirigida
158;160;4;Valoración total;No Dirigida
159;160;3;Valoración total;No Dirigida
159;161;2;Valoración total;No Dirigida
160;161;3;Valoración total;No Dirigida
160;162;4;Valoración total;No Dirigida
161;162;3;Valoración total;No Dirigida
161;163;3;Valoración total;No Dirigida
162;163;4;Valoración total;No Dirigida
162;164;3;Valoración total;No Dirigida
163;164;3;Valoración total;No Dirigida
163;165;5;Valoración total;No Dirigida
164;165;4;Valoración total;No Dirigida
164;166;3;Valoración total;No Dirigida
165;166;5;Valoración total;No Dirigida
165;167;5;Valoración total;No Dirigida
166;167;4;Valoración total;No Dirigida
166;168;3;Valoración total;No Dirigida
167;168;3;Valoración total;No Dirigida
167;169;4;Valoración total;No Dirigida
168;169;3;Valoración total;No Dirigida
168;170;4;Valoración total;No Dirigida
169;170;5;Valoración total;No Dirigida
169;171;3;Valoración total;No Dirigida
170;171;4;Valoración total;No Dirigida
170;172;5;Valoración total;No Dirigida
171;172;3;Valoración total;No Dirigida
171;173;3;Valoración total;No Dirigida
172;173;4;Valoración total;No Dirigida
172;174;4;Valoración total;No Dirigida
173;174;4;Valoración total;No Dirigida
173;175;6;Valoración total;No Dirigida
174;175;6;Valoración total;No Dirigida
174;176;4;Valoración total;No Dirigida
175;176;6;Valoración total;No Dirigida
175;177;6;Valoración total;No Dirigida
176;177;4;Valoración total;No Dirigida
176;178;5;Valoración total;No Dirigida
177;178;5;Valoración total;No Dirigida
177;179;4;Valoración total;No Dirigida
178;179;5;Valoración total;No Dirigida
178;180;6;Valoración total;No Dirigida
179;180;5;Valoración total;No Dirigida
179;181;4;Valoración total;No Dirigida
180;181;5;Valoración total;No Dirigida
180;182;4;Valoración total;No Dirigida
181;182;3;Valoración total;No Dirigida
181;183;4;Valoración total;No Dirigida
182;183;3;Valoración total;No Dirigida
182;184;3;Valoración total;No Dirigida
183;184;4;Valoración total;No Dirigida
183;185;4;Valoración total;No Dirigida
184;185;4;Valoración total;No Dirigida
184;186;4;Valoración total;No Dirigida
185;186;4;Valoración total;No Dirigida
185;187;4;Valoración total;No Dirigida
186;187;4;Valoración total;No Dirigida
186;188;4;Valoración total;No Dirigida
187;188;4;Valoración total;No Dirigida
187;189;4;Valoración total;No Dirigida
188;189;4;Valoración total;No Dirigida
188;190;4;Valoración total;No Dirigida
189;190;4;Valoración total;No Dirigida
189;191;4;Valoración total;No Dirigida
190;191;4;Valoración total;No Dirigida
190;192;5;Valoración total;No Dirigida
191;192;5;Valoración total;No Dirigida
191;193;4;Valoración total;No Dirigida
192;193;5;Valoración total;No Dirigida
192;194;4;Valoración total;No Dirigida
193;194;3;Valoración total;No Dirigida
193;195;4;Valoración total;No Dirigida
194;195;3;Valoración total;No Dirigida
194;196;3;Valoración total;No Dirigida
195;196;4;Valoración total;No Dirigida
195;197;5;Valoración total;No Dirigida
196;197;5;Valoración total;No Dirigida
196;198;4;Valoración total;No Dirigida
197;198;5;Valoración total;No Dirigida
197;199;7;Valoración total;No Dirigida
198;199;6;Valoración total;No Dirigida
198;200;4;Valoración total;No Dirigida
199;200;6;Valoración total;No Dirigida
199;201;8;Valoración total;No Dirigida
200;201;6;Valoración total;No Dirigida
200;202;5;Valoración total;No Dirigida
201;202;7;Valoración total;No Dirigida
201;203;6;Valoración total;No Dirigida
202;203;5;Valoración total;No Dirigida
202;204;5;Valoración total;No Dirigida
203;204;4;Valoración total;No Dirigida
203;205;4;Valoración total;No Dirigida
204;205;4;Valoración total;No Dirigida
204;206;3;Valoración total;No Dirigida
205;206;3;Valoración total;No Dirigida
205;207;4;Valoración total;No Dirigida
206;207;3;Valoración total;No Dirigida
206;208;3;Valoración total;No Dirigida
207;208;4;Valoración total;No Dirigida
207;209;5;Valoración total;No Dirigida
208;209;5;Valoración total;No Dirigida
208;210;5;Valoración total;No Dirigida
209;210;6;Valoración total;No Dirigida
209;211;6;Valoración total;No Dirigida
210;211;6;Valoración total;No Dirigida
210;212;6;Valoración total;No Dirigida
211;212;6;Valoración total;No Dirigida
211;213;6;Valoración total;No Dirigida
212;213;6;Valoración total;No Dirigida
212;214;6;Valoración total;No Dirigida
213;214;6;Valoración total;No Dirigida
213;215;5;Valoración total;No Dirigida
214;215;5;Valoración total;No Dirigida
214;216;5;Valoración total;No Dirigida
215;216;4;Valoración total;No Dirigida
215;217;4;Valoración total;No Dirigida
216;217;4;Valoración total;No Dirigida
216;218;4;Valoración total;No Dirigida
217;218;4;Valoración total;No Dirigida
217;219;4;Valoración total;No Dirigida
218;219;4;Valoración total;No Dirigida
218;220;4;Valoración total;No Dirigida
219;220;4;Valoración total;No Dirigida
219;221;4;Valoración total;No Dirigida
220;221;4;Valoración total;No Dirigida
220;222;4;Valoración total;No Dirigida
221;222;4;Valoración total;No Dirigida
221;223;4;Valoración total;No Dirigida
222;223;4;Valoración total;No Dirigida
222;224;4;Valoración total;No Dirigida
223;224;4;Valoración total;No Dirigida
223;225;4;Valoración total;No Dirigida
224;225;4;Valoración total;No Dirigida
224;226;4;Valoración total;No Dirigida
225;226;4;Valoración total;No Dirigida
225;227;4;Valoración total;No Dirigida
226;227;4;Valoración total;No Dirigida
226;228;4;Valoración total;No Dirigida
227;228;4;Valoración total;No Dirigida
227;229;4;Valoración total;No Dirigida
228;229;4;Valoración total;No Dirigida
228;230;4;Valoración total;No Dirigida
229;230;4;Valoración total;No Dirigida
229;231;4;Valoración total;No Dirigida
230;231;4;Valoración total;No Dirigida
230;232;4;Valoración total;No Dirigida
231;232;4;Valoración total;No Dirigida
231;233;4;Valoración total;No Dirigida
232;233;4;Valoración total;No Dirigida
232;234;4;Valoración total;No Dirigida
233;234;4;Valoración total;No Dirigida
233;235;4;Valoración total;No Dirigida
234;235;4;Valoración total;No Dirigida
234;236;4;Valoración total;No Dirigida
235;236;4;Valoración total;No Dirigida
235;237;4;Valoración total;No Dirigida
236;237;4;Valoración total;No Dirigida
236;238;4;Valoración total;No Dirigida
237;238;4;Valoración total;No Dirigida
237;239;4;Valoración total;No Dirigida
238;239;4;Valoración total;No Dirigida
238;240;4;Valoración total;No Dirigida
239;240;4;Valoración total;No Dirigida
239;241;4;Valoración total;No Dirigida
240;241;5;Valoración total;No Dirigida
240;242;4;Valoración total;No Dirigida
241;242;4;Valoración total;No Dirigida
241;243;4;Valoración total;No Dirigida
242;243;4;Valoración total;No Dirigida
242;244;4;Valoración total;No Dirigida
243;244;4;Valoración total;No Dirigida
243;245;4;Valoración total;No Dirigida
244;245;4;Valoración total;No Dirigida
244;246;4;Valoración total;No Dirigida
245;246;4;Valoración total;No Dirigida
245;247;4;Valoración total;No Dirigida
246;247;4;Valoración total;No Dirigida
246;248;4;Valoración total;No Dirigida
247;248;4;Valoración total;No Dirigida
247;249;4;Valoración total;No Dirigida
248;249;4;Valoración total;No Dirigida
248;250;4;Valoración total;No Dirigida
249;250;4;Valoración total;No Dirigida
249;251;4;Valoración total;No Dirigida
250;251;4;Valoración total;No Dirigida
250;252;4;Valoración total;No Dirigida
251;252;4;Valoración total;No Dirigida
251;253;4;Valoración total;No Dirigida
252;253;4;Valoración total;No Dirigida
252;254;4;Valoración total;No Dirigida
253;254;4;Valoración total;No Dirigida
253;255;4;Valoración total;No Dirigida
254;255;4;Valoración total;No Dirigida
254;256;4;Valoración total;No Dirigida
255;256;4;Valoración total;No Dirigida
255;257;4;Valoración total;No Dirigida
256;257;4;Valoración total;No Dirigida
256;258;4;Valoración total;No Dirigida
257;258;4;Valoración total;No Dirigida
257;259;4;Valoración total;No Dirigida
258;259;4;Valoración total;No Dirigida
258;260;4;Valoración total;No Dirigida
259;260;4;Valoración total;No Dirigida
259;261;4;Valoración total;No Dirigida
260;261;4;Valoración total;No Dirigida
260;262;4;Valoración total;No Dirigida
261;262;4;Valoración total;No Dirigida
261;263;4;Valoración total;No Dirigida
262;263;4;Valoración total;No Dirigida
262;264;4;Valoración total;No Dirigida
263;264;4;Valoración total;No Dirigida
263;265;4;Valoración total;No Dirigida
264;265;4;Valoración total;No Dirigida
264;266;4;Valoración total;No Dirigida
265;266;4;Valoración total;No Dirigida
265;267;4;Valoración total;No Dirigida
266;267;4;Valoración total;No Dirigida
266;268;4;Valoración total;No Dirigida
267;268;4;Valoración total;No Dirigida
267;269;4;Valoración total;No Dirigida
268;269;4;Valoración total;No Dirigida
268;270;4;Valoración total;No Dirigida
269;270;4;Valoración total;No Dirigida
269;271;4;Valoración total;No Dirigida
270;271;4;Valoración total;No Dirigida
270;272;4;Valoración total;No Dirigida
271;272;4;Valoración total;No Dirigida
271;273;4;Valoración total;No Dirigida
272;273;4;Valoración total;No Dirigida
272;274;4;Valoración total;No Dirigida
273;274;4;Valoración total;No Dirigida
273;275;5;Valoración total;No Dirigida
274;275;5;Valoración total;No Dirigida
274;276;4;Valoración total;No Dirigida
275;276;5;Valoración total;No Dirigida
275;277;5;Valoración total;No Dirigida
276;277;4;Valoración total;No Dirigida
276;278;4;Valoración total;No Dirigida
277;278;4;Valoración total;No Dirigida
277;279;4;Valoración total;No Dirigida
278;279;4;Valoración total;No Dirigida
278;280;4;Valoración total;No Dirigida
279;280;4;Valoración total;No Dirigida
279;281;4;Valoración total;No Dirigida
280;281;4;Valoración total;No Dirigida
280;282;4;Valoración total;No Dirigida
281;282;4;Valoración total;No Dirigida
281;283;4;Valoración total;No Dirigida
282;283;4;Valoración total;No Dirigida
282;284;4;Valoración total;No Dirigida
283;284;4;Valoración total;No Dirigida
283;285;4;Valoración total;No Dirigida
284;285;4;Valoración total;No Dirigida
284;286;4;Valoración total;No Dirigida
285;286;4;Valoración total;No Dirigida
285;287;4;Valoración total;No Dirigida
286;287;4;Valoración total;No Dirigida
286;288;4;Valoración total;No Dirigida
287;288;4;Valoración total;No Dirigida
287;289;4;Valoración total;No Dirigida
288;289;4;Valoración total;No Dirigida
288;290;4;Valoración total;No Dirigida
289;290;4;Valoración total;No Dirigida
289;291;5;Valoración total;No Dirigida
290;291;5;Valoración total;No Dirigida
290;292;4;Valoración total;No Dirigida
291;292;5;Valoración total;No Dirigida
291;293;5;Valoración total;No Dirigida
292;293;4;Valoración total;No Dirigida
292;294;4;Valoración total;No Dirigida
293;294;4;Valoración total;No Dirigida
293;295;4;Valoración total;No Dirigida
294;295;4;Valoración total;No Dirigida
294;296;4;Valoración total;No Dirigida
295;296;4;Valoración total;No Dirigida
295;297;4;Valoración total;No Dirigida
296;297;4;Valoración total;No Dirigida
296;298;4;Valoración total;No Dirigida
297;298;4;Valoración total;No Dirigida
297;299;4;Valoración total;No Dirigida
298;299;4;Valoración total;No Dirigida
298;300;4;Valoración total;No Dirigida
299;300;4;Valoración total;No Dirigida
299;301;4;Valoración total;No Dirigida
300;301;4;Valoración total;No Dirigida
300;302;4;Valoración total;No Dirigida
301;302;4;Valoración total;No Dirigida
301;303;4;Valoración total;No Dirigida
302;303;4;Valoración total;No Dirigida
302;304;4;Valoración total;No Dirigida
303;304;4;Valoración total;No Dirigida
303;305;4;Valoración total;No Dirigida
304;305;4;Valoración total;No Dirigida
304;306;4;Valoración total;No Dirigida
305;306;4;Valoración total;No Dirigida
305;307;4;Valoración total;No Dirigida
306;307;4;Valoración total;No Dirigida
306;308;4;Valoración total;No Dirigida
307;308;4;Valoración total;No Dirigida
307;309;4;Valoración total;No Dirigida
308;309;4;Valoración total;No Dirigida
308;310;4;Valoración total;No Dirigida
309;310;4;Valoración total;No Dirigida
309;311;4;Valoración total;No Dirigida
310;311;4;Valoración total;No Dirigida
310;312;4;Valoración total;No Dirigida
311;312;4;Valoración total;No Dirigida
311;313;4;Valoración total;No Dirigida
312;313;4;Valoración total;No Dirigida
312;314;4;Valoración total;No Dirigida
313;314;4;Valoración total;No Dirigida
313;315;4;Valoración total;No Dirigida
314;315;4;Valoración total;No Dirigida
314;316;4;Valoración total;No Dirigida
315;316;4;Valoración total;No Dirigida
315;317;4;Valoración total;No Dirigida
316;317;4;Valoración total;No Dirigida
316;318;4;Valoración total;No Dirigida
317;318;4;Valoración total;No Dirigida
317;319;4;Valoración total;No Dirigida
318;319;4;Valoración total;No Dirigida
318;320;4;Valoración total;No Dirigida
319;320;4;Valoración total;No Dirigida
319;321;4;Valoración total;No Dirigida
320;321;4;Valoración total;No Dirigida
320;322;4;Valoración total;No Dirigida
321;322;4;Valoración total;No Dirigida
321;323;4;Valoración total;No Dirigida
322;323;4;Valoración total;No Dirigida
322;324;4;Valoración total;No Dirigida
323;324;4;Valoración total;No Dirigida
323;325;4;Valoración total;No Dirigida
324;325;4;Valoración total;No Dirigida
324;326;4;Valoración total;No Dirigida
325;326;4;Valoración total;No Dirigida
325;327;4;Valoración total;No Dirigida
326;327;4;Valoración total;No Dirigida
326;328;4;Valoración total;No Dirigida
327;328;4;Valoración total;No Dirigida
327;329;5;Valoración total;No Dirigida
328;329;5;Valoración total;No Dirigida
328;330;4;Valoración total;No Dirigida
329;330;5;Valoración total;No Dirigida
329;331;6;Valoración total;No Dirigida
330;331;5;Valoración total;No Dirigida
330;332;4;Valoración total;No Dirigida
331;332;5;Valoración total;No Dirigida
331;333;5;Valoración total;No Dirigida
332;333;4;Valoración total;No Dirigida
332;334;4;Valoración total;No Dirigida
333;334;4;Valoración total;No Dirigida
333;335;4;Valoración total;No Dirigida
334;335;4;Valoración total;No Dirigida
334;336;4;Valoración total;No Dirigida
335;336;4;Valoración total;No Dirigida
335;337;4;Valoración total;No Dirigida
336;337;4;Valoración total;No Dirigida
336;338;4;Valoración total;No Dirigida
337;338;4;Valoración total;No Dirigida
337;339;4;Valoración total;No Dirigida
338;339;4;Valoración total;No Dirigida
338;340;4;Valoración total;No Dirigida
339;340;4;Valoración total;No Dirigida
339;341;4;Valoración total;No Dirigida
340;341;4;Valoración total;No Dirigida
340;342;4;Valoración total;No Dirigida
341;342;4;Valoración total;No Dirigida
341;343;4;Valoración total;No Dirigida
342;343;4;Valoración total;No Dirigida
342;344;4;Valoración total;No Dirigida
343;344;4;Valoración total;No Dirigida
343;345;4;Valoración total;No Dirigida
344;345;4;Valoración total;No Dirigida
344;346;4;Valoración total;No Dirigida
345;346;4;Valoración total;No Dirigida
345;347;4;Valoración total;No Dirigida
346;347;4;Valoración total;No Dirigida
346;348;4;Valoración total;No Dirigida
347;348;4;Valoración total;No Dirigida
347;349;4;Valoración total;No Dirigida
348;349;4;Valoración total;No Dirigida
348;350;4;Valoración total;No Dirigida
349;350;4;Valoración total;No Dirigida
349;351;4;Valoración total;No Dirigida
350;351;4;Valoración total;No Dirigida
350;352;4;Valoración total;No Dirigida
351;352;4;Valoración total;No Dirigida
351;353;4;Valoración total;No Dirigida
352;353;4;Valoración total;No Dirigida
352;354;4;Valoración total;No Dirigida
353;354;4;Valoración total;No Dirigida
353;355;5;Valoración total;No Dirigida
354;355;5;Valoración total;No Dirigida
354;356;4;Valoración total;No Dirigida
355;356;5;Valoración total;No Dirigida
355;357;5;Valoración total;No Dirigida
356;357;4;Valoración total;No Dirigida
356;358;4;Valoración total;No Dirigida
357;358;4;Valoración total;No Dirigida
357;359;4;Valoración total;No Dirigida
358;359;4;Valoración total;No Dirigida
358;360;4;Valoración total;No Dirigida
359;360;4;Valoración total;No Dirigida
359;361;4;Valoración total;No Dirigida
360;361;4;Valoración total;No Dirigida
360;362;4;Valoración total;No Dirigida
361;362;4;Valoración total;No Dirigida
361;363;3;Valoración total;No Dirigida
362;363;3;Valoración total;No Dirigida
362;364;4;Valoración total;No Dirigida
363;364;3;Valoración total;No Dirigida
363;365;3;Valoración total;No Dirigida
364;365;4;Valoración total;No Dirigida
364;366;4;Valoración total;No Dirigida
365;366;4;Valoración total;No Dirigida
365;367;4;Valoración total;No Dirigida
366;367;4;Valoración total;No Dirigida
366;368;4;Valoración total;No Dirigida
367;368;4;Valoración total;No Dirigida
367;369;4;Valoración total;No Dirigida
368;369;4;Valoración total;No Dirigida
368;370;4;Valoración total;No Dirigida
369;370;4;Valoración total;No Dirigida
369;371;4;Valoración total;No Dirigida
370;371;4;Valoración total;No Dirigida
370;372;5;Valoración total;No Dirigida
371;372;5;Valoración total;No Dirigida
371;373;4;Valoración total;No Dirigida
372;373;5;Valoración total;No Dirigida
372;374;5;Valoración total;No Dirigida
373;374;4;Valoración total;No Dirigida
373;375;4;Valoración total;No Dirigida
374;375;4;Valoración total;No Dirigida
374;376;4;Valoración total;No Dirigida
375;376;4;Valoración total;No Dirigida
375;377;4;Valoración total;No Dirigida
376;377;4;Valoración total;No Dirigida
376;378;4;Valoración total;No Dirigida
377;378;4;Valoración total;No Dirigida
377;379;4;Valoración total;No Dirigida
378;379;4;Valoración total;No Dirigida
378;380;4;Valoración total;No Dirigida
379;380;4;Valoración total;No Dirigida
379;381;4;Valoración total;No Dirigida
380;381;4;Valoración total;No Dirigida
380;382;4;Valoración total;No Dirigida
381;382;4;Valoración total;No Dirigida
381;383;4;Valoración total;No Dirigida
382;383;4;Valoración total;No Dirigida
382;384;4;Valoración total;No Dirigida
383;384;4;Valoración total;No Dirigida
383;385;4;Valoración total;No Dirigida
384;385;4;Valoración total;No Dirigida
384;386;4;Valoración total;No Dirigida
385;386;4;Valoración total;No Dirigida
385;387;4;Valoración total;No Dirigida
386;387;4;Valoración total;No Dirigida
386;388;4;Valoración total;No Dirigida
387;388;4;Valoración total;No Dirigida
387;389;4;Valoración total;No Dirigida
388;389;4;Valoración total;No Dirigida
388;390;4;Valoración total;No Dirigida
389;390;4;Valoración total;No Dirigida
389;391;4;Valoración total;No Dirigida
390;391;4;Valoración total;No Dirigida
390;392;4;Valoración total;No Dirigida
391;392;4;Valoración total;No Dirigida
391;393;3;Valoración total;No Dirigida
392;393;3;Valoración total;No Dirigida
392;394;5;Valoración total;No Dirigida
393;394;4;Valoración total;No Dirigida
393;395;3;Valoración total;No Dirigida
394;395;5;Valoración total;No Dirigida
394;396;6;Valoración total;No Dirigida
395;396;4;Valoración total;No Dirigida
395;397;4;Valoración total;No Dirigida
396;397;5;Valoración total;No Dirigida
396;398;5;Valoración total;No Dirigida
397;398;4;Valoración total;No Dirigida
397;399;5;Valoración total;No Dirigida
398;399;5;Valoración total;No Dirigida
398;400;5;Valoración total;No Dirigida
399;400;6;Valoración total;No Dirigida
399;401;5;Valoración total;No Dirigida
400;401;5;Valoración total;No Dirigida
400;402;6;Valoración total;No Dirigida
401;402;5;Valoración total;No Dirigida
401;403;4;Valoración total;No Dirigida
402;403;5;Valoración total;No Dirigida
402;404;5;Valoración total;No Dirigida
403;404;4;Valoración total;No Dirigida
403;405;4;Valoración total;No Dirigida
404;405;4;Valoración total;No Dirigida
404;406;5;Valoración total;No Dirigida
405;406;5;Valoración total;No Dirigida
405;407;4;Valoración total;No Dirigida
406;407;5;Valoración total;No Dirigida
406;408;5;Valoración total;No Dirigida
407;408;4;Valoración total;No Dirigida
407;409;3;Valoración total;No Dirigida
408;409;3;Valoración total;No Dirigida
408;410;4;Valoración total;No Dirigida
409;410;3;Valoración total;No Dirigida
409;411;4;Valoración total;No Dirigida
410;411;4;Valoración total;No Dirigida
410;412;3;Valoración total;No Dirigida
411;412;3;Valoración total;No Dirigida
411;413;4;Valoración total;No Dirigida
412;413;3;Valoración total;No Dirigida
412;414;3;Valoración total;No Dirigida
413;414;4;Valoración total;No Dirigida
413;415;4;Valoración total;No Dirigida
414;415;4;Valoración total;No Dirigida
414;416;4;Valoración total;No Dirigida
415;416;4;Valoración total;No Dirigida
415;417;4;Valoración total;No Dirigida
416;417;4;Valoración total;No Dirigida
416;418;4;Valoración total;No Dirigida
417;418;4;Valoración total;No Dirigida
417;419;4;Valoración total;No Dirigida
418;419;4;Valoración total;No Dirigida
418;420;4;Valoración total;No Dirigida
419;420;4;Valoración total;No Dirigida
419;421;4;Valoración total;No Dirigida
420;421;4;Valoración total;No Dirigida
420;422;4;Valoración total;No Dirigida
421;422;4;Valoración total;No Dirigida
421;423;4;Valoración total;No Dirigida
422;423;4;Valoración total;No Dirigida
422;424;4;Valoración total;No Dirigida
423;424;4;Valoración total;No Dirigida
423;425;4;Valoración total;No Dirigida
424;425;4;Valoración total;No Dirigida
424;426;4;Valoración total;No Dirigida
425;426;4;Valoración total;No Dirigida
425;427;4;Valoración total;No Dirigida
426;427;4;Valoración total;No Dirigida
426;428;4;Valoración total;No Dirigida
427;428;4;Valoración total;No Dirigida
427;429;4;Valoración total;No Dirigida
428;429;4;Valoración total;No Dirigida
428;430;4;Valoración total;No Dirigida
429;430;4;Valoración total;No Dirigida
429;431;4;Valoración total;No Dirigida
430;431;4;Valoración total;No Dirigida
430;432;4;Valoración total;No Dirigida
431;432;4;Valoración total;No Dirigida
431;433;5;Valoración total;No Dirigida
432;433;5;Valoración total;No Dirigida
432;434;5;Valoración total;No Dirigida
433;434;6;Valoración total;No Dirigida
433;435;5;Valoración total;No Dirigida
434;435;5;Valoración total;No Dirigida
434;436;5;Valoración total;No Dirigida
435;436;4;Valoración total;No Dirigida
435;437;4;Valoración total;No Dirigida
436;437;4;Valoración total;No Dirigida
436;438;4;Valoración total;No Dirigida
437;438;4;Valoración total;No Dirigida
437;439;5;Valoración total;No Dirigida
438;439;5;Valoración total;No Dirigida
438;440;3;Valoración total;No Dirigida
439;440;4;Valoración total;No Dirigida
439;441;5;Valoración total;No Dirigida
440;441;3;Valoración total;No Dirigida
440;442;3;Valoración total;No Dirigida
441;442;4;Valoración total;No Dirigida
441;443;4;Valoración total;No Dirigida
442;443;4;Valoración total;No Dirigida
442;444;5;Valoración total;No Dirigida
443;444;5;Valoración total;No Dirigida
443;445;4;Valoración total;No Dirigida
444;445;5;Valoración total;No Dirigida
444;446;6;Valoración total;No Dirigida
445;446;5;Valoración total;No Dirigida
445;447;5;Valoración total;No Dirigida
446;447;6;Valoración total;No Dirigida
446;448;5;Valoración total;No Dirigida
447;448;5;Valoración total;No Dirigida
447;449;6;Valoración total;No Dirigida
448;449;5;Valoración total;No Dirigida
448;450;4;Valoración total;No Dirigida
449;450;5;Valoración total;No Dirigida
449;451;5;Valoración total;No Dirigida
450;451;4;Valoración total;No Dirigida
450;452;4;Valoración total;No Dirigida
451;452;4;Valoración total;No Dirigida
451;453;5;Valoración total;No Dirigida
452;453;5;Valoración total;No Dirigida
452;454;4;Valoración total;No Dirigida
453;454;5;Valoración total;No Dirigida
453;455;6;Valoración total;No Dirigida
454;455;5;Valoración total;No Dirigida
454;456;5;Valoración total;No Dirigida
455;456;6;Valoración total;No Dirigida
455;457;5;Valoración total;No Dirigida
456;457;5;Valoración total;No Dirigida
456;458;5;Valoración total;No Dirigida
457;458;4;Valoración total;No Dirigida
457;459;4;Valoración total;No Dirigida
458;459;4;Valoración total;No Dirigida
458;460;4;Valoración total;No Dirigida
459;460;4;Valoración total;No Dirigida
459;461;4;Valoración total;No Dirigida
460;461;4;Valoración total;No Dirigida
460;462;4;Valoración total;No Dirigida
461;462;4;Valoración total;No Dirigida
461;463;4;Valoración total;No Dirigida
462;463;4;Valoración total;No Dirigida
462;464;4;Valoración total;No Dirigida
463;464;4;Valoración total;No Dirigida
463;465;5;Valoración total;No Dirigida
464;465;5;Valoración total;No Dirigida
464;466;4;Valoración total;No Dirigida
465;466;5;Valoración total;No Dirigida
465;467;5;Valoración total;No Dirigida
466;467;4;Valoración total;No Dirigida
466;468;6;Valoración total;No Dirigida
467;468;6;Valoración total;No Dirigida
467;469;3;Valoración total;No Dirigida
468;469;5;Valoración total;No Dirigida
468;470;7;Valoración total;No Dirigida
469;470;4;Valoración total;No Dirigida
469;471;3;Valoración total;No Dirigida
470;471;5;Valoración total;No Dirigida
470;472;5;Valoración total;No Dirigida
471;472;4;Valoración total;No Dirigida
471;473;4;Valoración total;No Dirigida
472;473;4;Valoración total;No Dirigida
472;474;6;Valoración total;No Dirigida
473;474;6;Valoración total;No Dirigida
473;475;4;Valoración total;No Dirigida
474;475;6;Valoración total;No Dirigida
474;476;6;Valoración total;No Dirigida
475;476;4;Valoración total;No Dirigida
475;477;4;Valoración total;No Dirigida
476;477;4;Valoración total;No Dirigida
476;478;4;Valoración total;No Dirigida
477;478;4;Valoración total;No Dirigida
477;479;4;Valoración total;No Dirigida
478;479;4;Valoración total;No Dirigida
478;480;4;Valoración total;No Dirigida
479;480;4;Valoración total;No Dirigida
479;481;4;Valoración total;No Dirigida
480;481;4;Valoración total;No Dirigida
480;482;4;Valoración total;No Dirigida
481;482;4;Valoración total;No Dirigida
481;483;4;Valoración total;No Dirigida
482;483;4;Valoración total;No Dirigida
482;484;4;Valoración total;No Dirigida
483;484;4;Valoración total;No Dirigida
483;485;4;Valoración total;No Dirigida
484;485;4;Valoración total;No Dirigida
484;486;4;Valoración total;No Dirigida
485;486;4;Valoración total;No Dirigida
485;487;5;Valoración total;No Dirigida
486;487;5;Valoración total;No Dirigida
486;488;4;Valoración total;No Dirigida
487;488;5;Valoración total;No Dirigida
487;489;5;Valoración total;No Dirigida
488;489;4;Valoración total;No Dirigida
488;490;4;Valoración total;No Dirigida
489;490;4;Valoración total;No Dirigida
489;491;4;Valoración total;No Dirigida
490;491;4;Valoración total;No Dirigida
490;492;4;Valoración total;No Dirigida
491;492;4;Valoración total;No Dirigida
491;493;4;Valoración total;No Dirigida
492;493;4;Valoración total;No Dirigida
492;494;4;Valoración total;No Dirigida
493;494;4;Valoración total;No Dirigida
493;495;4;Valoración total;No Dirigida
494;495;4;Valoración total;No Dirigida
494;496;5;Valoración total;No Dirigida
495;496;5;Valoración total;No Dirigida
495;497;3;Valoración total;No Dirigida
496;497;4;Valoración total;No Dirigida
496;498;5;Valoración total;No Dirigida
497;498;3;Valoración total;No Dirigida
497;499;3;Valoración total;No Dirigida
498;499;4;Valoración total;No Dirigida
498;500;4;Valoración total;No Dirigida
499;500;4;Valoración total;No Dirigida
499;496;5;Valoración total;No Dirigida
500;497;3;Valoración total;No Dirigida
500;495;4;Valoración total;No Dirigida
501;502;6;Valoración total;No Dirigida
502;503;8;Valoración Total;No Dirigida
503;504;8;Valoración Total;No Dirigida
504;505;8;Valoración Total;No Dirigida
505;506;8;Valoración Total;No Dirigida
506;507;8;Valoración Total;No Dirigida
507;508;8;Valoración Total;No Dirigida
508;509;8;Valoración Total;No Dirigida
509;510;8;Valoración Total;No Dirigida
510;511;8;Valoración Total;No Dirigida
511;512;8;Valoración Total;No Dirigida
512;513;8;Valoración Total;No Dirigida
513;514;8;Valoración Total;No Dirigida
514;515;7;Valoración Total;No Dirigida
515;516;7;Valoración Total;No Dirigida
516;517;8;Valoración Total;No Dirigida
517;518;8;Valoración Total;No Dirigida
518;519;8;Valoración Total;No Dirigida
519;520;8;Valoración Total;No Dirigida
520;521;8;Valoración Total;No Dirigida
521;522;6;Valoración Total;No Dirigida
522;523;6;Valoración Total;No Dirigida
523;524;8;Valoración Total;No Dirigida
524;525;8;Valoración Total;No Dirigida
525;526;8;Valoración Total;No Dirigida
526;527;8;Valoración Total;No Dirigida
527;528;9;Valoración Total;No Dirigida
528;529;9;Valoración Total;No Dirigida
529;530;8;Valoración Total;No Dirigida
530;531;8;Valoración Total;No Dirigida
531;532;8;Valoración Total;No Dirigida
532;533;7;Valoración Total;No Dirigida
533;534;7;Valoración Total;No Dirigida
534;535;8;Valoración Total;No Dirigida
535;536;8;Valoración Total;No Dirigida
536;537;8;Valoración Total;No Dirigida
537;538;8;Valoración Total;No Dirigida
538;539;8;Valoración Total;No Dirigida
539;540;8;Valoración Total;No Dirigida
540;541;9;Valoración Total;No Dirigida
541;542;9;Valoración Total;No Dirigida
542;543;8;Valoración Total;No Dirigida
543;544;8;Valoración Total;No Dirigida
544;545;8;Valoración Total;No Dirigida
545;546;7;Valoración Total;No Dirigida
546;547;7;Valoración Total;No Dirigida
547;548;8;Valoración Total;No Dirigida
548;549;8;Valoración Total;No Dirigida
549;550;8;Valoración Total;No Dirigida
550;551;8;Valoración Total;No Dirigida
551;552;8;Valoración Total;No Dirigida
552;553;8;Valoración Total;No Dirigida
553;554;8;Valoración Total;No Dirigida
554;555;9;Valoración Total;No Dirigida
555;556;9;Valoración Total;No Dirigida
556;557;8;Valoración Total;No Dirigida
557;558;8;Valoración Total;No Dirigida
558;559;8;Valoración Total;No Dirigida
559;560;7;Valoración Total;No Dirigida
560;561;7;Valoración Total;No Dirigida
561;562;8;Valoración Total;No Dirigida
562;563;8;Valoración Total;No Dirigida
563;564;8;Valoración Total;No Dirigida
564;565;8;Valoración Total;No Dirigida
565;566;8;Valoración Total;No Dirigida
566;567;7;Valoración Total;No Dirigida
567;568;7;Valoración Total;No Dirigida
568;569;6;Valoración Total;No Dirigida
569;570;7;Valoración Total;No Dirigida
570;571;9;Valoración Total;No Dirigida
571;572;8;Valoración Total;No Dirigida
572;573;8;Valoración Total;No Dirigida
573;574;8;Valoración Total;No Dirigida
574;575;8;Valoración Total;No Dirigida
575;576;8;Valoración Total;No Dirigida
576;577;8;Valoración Total;No Dirigida
577;578;8;Valoración Total;No Dirigida
578;579;8;Valoración Total;No Dirigida
579;580;6;Valoración Total;No Dirigida
580;581;7;Valoración Total;No Dirigida
581;582;8;Valoración Total;No Dirigida
582;583;5;Valoración Total;No Dirigida
583;584;6;Valoración Total;No Dirigida
584;585;9;Valoración Total;No Dirigida
585;586;10;Valoración Total;No Dirigida
586;587;9;Valoración Total;No Dirigida
587;588;8;Valoración Total;No Dirigida
588;589;8;Valoración Total;No Dirigida
589;590;8;Valoración Total;No Dirigida
590;591;8;Valoración Total;No Dirigida
591;592;8;Valoración Total;No Dirigida
592;593;8;Valoración Total;No Dirigida
593;594;9;Valoración Total;No Dirigida
594;595;9;Valoración Total;No Dirigida
595;596;6;Valoración Total;No Dirigida
596;597;5;Valoración Total;No Dirigida
597;598;5;Valoración Total;No Dirigida
598;599;6;Valoración Total;No Dirigida
599;600;5;Valoración Total;No Dirigida
600;601;5;Valoración Total;No Dirigida
601;602;8;Valoración Total;No Dirigida
602;603;8;Valoración Total;No Dirigida
603;604;8;Valoración Total;No Dirigida
604;605;7;Valoración Total;No Dirigida
605;606;6;Valoración Total;No Dirigida
606;607;6;Valoración Total;No Dirigida
607;608;7;Valoración Total;No Dirigida
608;609;9;Valoración Total;No Dirigida
609;610;8;Valoración Total;No Dirigida
610;611;7;Valoración Total;No Dirigida
611;612;8;Valoración Total;No Dirigida
612;613;8;Valoración Total;No Dirigida
613;614;8;Valoración Total;No Dirigida
614;615;7;Valoración Total;No Dirigida
615;616;7;Valoración Total;No Dirigida
616;617;6;Valoración Total;No Dirigida
617;618;5;Valoración Total;No Dirigida
618;619;7;Valoración Total;No Dirigida
619;620;9;Valoración Total;No Dirigida
620;621;8;Valoración Total;No Dirigida
621;622;6;Valoración Total;No Dirigida
622;623;7;Valoración Total;No Dirigida
623;624;7;Valoración Total;No Dirigida
624;625;6;Valoración Total;No Dirigida
625;626;6;Valoración Total;No Dirigida
626;627;4;Valoración Total;No Dirigida
627;628;4;Valoración Total;No Dirigida
628;629;5;Valoración Total;No Dirigida
629;630;6;Valoración Total;No Dirigida
630;631;8;Valoración Total;No Dirigida
631;632;8;Valoración Total;No Dirigida
632;633;8;Valoración Total;No Dirigida
633;634;8;Valoración Total;No Dirigida
634;635;8;Valoración Total;No Dirigida
635;636;8;Valoración Total;No Dirigida
636;637;8;Valoración Total;No Dirigida
637;638;9;Valoración Total;No Dirigida
638;639;10;Valoración Total;No Dirigida
639;640;9;Valoración Total;No Dirigida
640;641;9;Valoración Total;No Dirigida
641;642;10;Valoración Total;No Dirigida
642;643;7;Valoración Total;No Dirigida
643;644;5;Valoración Total;No Dirigida
644;645;7;Valoración Total;No Dirigida
645;646;8;Valoración Total;No Dirigida
646;647;8;Valoración Total;No Dirigida
647;648;9;Valoración Total;No Dirigida
648;649;10;Valoración Total;No Dirigida
649;650;9;Valoración Total;No Dirigida
650;651;7;Valoración Total;No Dirigida
651;652;7;Valoración Total;No Dirigida
652;653;8;Valoración Total;No Dirigida
653;654;8;Valoración Total;No Dirigida
654;655;8;Valoración Total;No Dirigida
655;656;8;Valoración Total;No Dirigida
656;657;8;Valoración Total;No Dirigida
657;658;8;Valoración Total;No Dirigida
658;659;8;Valoración Total;No Dirigida
659;660;8;Valoración Total;No Dirigida
660;661;8;Valoración Total;No Dirigida
661;662;8;Valoración Total;No Dirigida
662;663;8;Valoración Total;No Dirigida
663;664;8;Valoración Total;No Dirigida
664;665;7;Valoración Total;No Dirigida
665;666;7;Valoración Total;No Dirigida
666;667;8;Valoración Total;No Dirigida
667;668;8;Valoración Total;No Dirigida
668;669;8;Valoración Total;No Dirigida
669;670;8;Valoración Total;No Dirigida
670;671;8;Valoración Total;No Dirigida
671;672;6;Valoración Total;No Dirigida
672;673;6;Valoración Total;No Dirigida
673;674;8;Valoración Total;No Dirigida
674;675;8;Valoración Total;No Dirigida
675;676;8;Valoración Total;No Dirigida
676;677;8;Valoración Total;No Dirigida
677;678;9;Valoración Total;No Dirigida
678;679;9;Valoración Total;No Dirigida
679;680;8;Valoración Total;No Dirigida
680;681;8;Valoración Total;No Dirigida
681;682;8;Valoración Total;No Dirigida
682;683;7;Valoración Total;No Dirigida
683;684;7;Valoración Total;No Dirigida
684;685;8;Valoración Total;No Dirigida
685;686;8;Valoración Total;No Dirigida
686;687;8;Valoración Total;No Dirigida
687;688;8;Valoración Total;No Dirigida
688;689;8;Valoración Total;No Dirigida
689;690;8;Valoración Total;No Dirigida
690;691;9;Valoración Total;No Dirigida
691;692;9;Valoración Total;No Dirigida
692;693;8;Valoración Total;No Dirigida
693;694;8;Valoración Total;No Dirigida
694;695;8;Valoración Total;No Dirigida
695;696;7;Valoración Total;No Dirigida
696;697;7;Valoración Total;No Dirigida
697;698;8;Valoración Total;No Dirigida
698;699;8;Valoración Total;No Dirigida
699;700;8;Valoración Total;No Dirigida
700;701;8;Valoración Total;No Dirigida
701;702;8;Valoración Total;No Dirigida
702;703;8;Valoración Total;No Dirigida
703;704;8;Valoración Total;No Dirigida
704;705;9;Valoración Total;No Dirigida
705;706;9;Valoración Total;No Dirigida
706;707;8;Valoración Total;No Dirigida
707;708;8;Valoración Total;No Dirigida
708;709;8;Valoración Total;No Dirigida
709;710;7;Valoración Total;No Dirigida
710;711;7;Valoración Total;No Dirigida
711;712;8;Valoración Total;No Dirigida
712;713;8;Valoración Total;No Dirigida
713;714;8;Valoración Total;No Dirigida
714;715;8;Valoración Total;No Dirigida
715;716;8;Valoración Total;No Dirigida
716;717;7;Valoración Total;No Dirigida
717;718;7;Valoración Total;No Dirigida
718;719;6;Valoración Total;No Dirigida
719;720;7;Valoración Total;No Dirigida
720;721;9;Valoración Total;No Dirigida
721;722;8;Valoración Total;No Dirigida
722;723;8;Valoración Total;No Dirigida
723;724;8;Valoración Total;No Dirigida
724;725;8;Valoración Total;No Dirigida
725;726;8;Valoración Total;No Dirigida
726;727;8;Valoración Total;No Dirigida
727;728;8;Valoración Total;No Dirigida
728;729;6;Valoración Total;No Dirigida
729;730;6;Valoración Total;No Dirigida
730;731;7;Valoración Total;No Dirigida
731;732;5;Valoración Total;No Dirigida
732;733;6;Valoración Total;No Dirigida
733;734;9;Valoración Total;No Dirigida
734;735;10;Valoración Total;No Dirigida
735;736;9;Valoración Total;No Dirigida
736;737;8;Valoración Total;No Dirigida
737;738;8;Valoración Total;No Dirigida
738;739;8;Valoración Total;No Dirigida
739;740;8;Valoración Total;No Dirigida
740;741;8;Valoración Total;No Dirigida
741;742;8;Valoración Total;No Dirigida
742;743;9;Valoración Total;No Dirigida
743;744;9;Valoración Total;No Dirigida
744;745;6;Valoración Total;No Dirigida
745;746;5;Valoración Total;No Dirigida
746;747;5;Valoración Total;No Dirigida
747;748;6;Valoración Total;No Dirigida
748;749;5;Valoración Total;No Dirigida
749;750;5;Valoración Total;No Dirigida
750;751;8;Valoración Total;No Dirigida
751;752;8;Valoración Total;No Dirigida
752;753;8;Valoración Total;No Dirigida
753;754;7;Valoración Total;No Dirigida
754;755;6;Valoración Total;No Dirigida
755;756;6;Valoración Total;No Dirigida
756;757;7;Valoración Total;No Dirigida
757;758;9;Valoración Total;No Dirigida
758;759;8;Valoración Total;No Dirigida
759;760;7;Valoración Total;No Dirigida
760;761;8;Valoración Total;No Dirigida
761;762;8;Valoración Total;No Dirigida
762;763;8;Valoración Total;No Dirigida
763;764;7;Valoración Total;No Dirigida
764;765;7;Valoración Total;No Dirigida
765;766;6;Valoración Total;No Dirigida
766;767;5;Valoración Total;No Dirigida
767;768;7;Valoración Total;No Dirigida
768;769;9;Valoración Total;No Dirigida
769;770;8;Valoración Total;No Dirigida
770;771;6;Valoración Total;No Dirigida
771;772;7;Valoración Total;No Dirigida
772;773;7;Valoración Total;No Dirigida
773;774;6;Valoración Total;No Dirigida
774;775;6;Valoración Total;No Dirigida
775;776;4;Valoración Total;No Dirigida
776;777;4;Valoración Total;No Dirigida
777;778;5;Valoración Total;No Dirigida
778;779;6;Valoración Total;No Dirigida
779;780;8;Valoración Total;No Dirigida
780;781;8;Valoración Total;No Dirigida
781;782;8;Valoración Total;No Dirigida
782;783;8;Valoración Total;No Dirigida
783;784;8;Valoración Total;No Dirigida
784;785;8;Valoración Total;No Dirigida
785;786;8;Valoración Total;No Dirigida
786;787;9;Valoración Total;No Dirigida
787;788;10;Valoración Total;No Dirigida
788;789;9;Valoración Total;No Dirigida
789;790;9;Valoración Total;No Dirigida
790;791;10;Valoración Total;No Dirigida
791;792;7;Valoración Total;No Dirigida
792;793;5;Valoración Total;No Dirigida
793;794;7;Valoración Total;No Dirigida
794;795;8;Valoración Total;No Dirigida
795;796;8;Valoración Total;No Dirigida
796;797;9;Valoración Total;No Dirigida
797;798;10;Valoración Total;No Dirigida
798;799;9;Valoración Total;No Dirigida
799;800;7;Valoración Total;No Dirigida
800;801;7;Valoración Total;No Dirigida
801;802;8;Valoración Total;No Dirigida
802;803;8;Valoración Total;No Dirigida
803;804;8;Valoración Total;No Dirigida
804;805;8;Valoración Total;No Dirigida
805;806;8;Valoración Total;No Dirigida
806;807;8;Valoración Total;No Dirigida
807;808;8;Valoración Total;No Dirigida
808;809;8;Valoración Total;No Dirigida
809;810;8;Valoración Total;No Dirigida
810;811;8;Valoración Total;No Dirigida
811;812;8;Valoración Total;No Dirigida
812;813;8;Valoración Total;No Dirigida
813;814;7;Valoración Total;No Dirigida
814;815;7;Valoración Total;No Dirigida
815;816;8;Valoración Total;No Dirigida
816;817;8;Valoración Total;No Dirigida
817;818;8;Valoración Total;No Dirigida
818;819;8;Valoración Total;No Dirigida
819;820;8;Valoración Total;No Dirigida
820;821;6;Valoración Total;No Dirigida
821;822;6;Valoración Total;No Dirigida
822;823;8;Valoración Total;No Dirigida
823;824;8;Valoración Total;No Dirigida
824;825;8;Valoración Total;No Dirigida
825;826;8;Valoración Total;No Dirigida
826;827;9;Valoración Total;No Dirigida
827;828;9;Valoración Total;No Dirigida
828;829;8;Valoración Total;No Dirigida
829;830;8;Valoración Total;No Dirigida
830;831;8;Valoración Total;No Dirigida
831;832;7;Valoración Total;No Dirigida
832;833;7;Valoración Total;No Dirigida
833;834;8;Valoración Total;No Dirigida
834;835;8;Valoración Total;No Dirigida
835;836;8;Valoración Total;No Dirigida
836;837;8;Valoración Total;No Dirigida
837;838;8;Valoración Total;No Dirigida
838;839;8;Valoración Total;No Dirigida
839;840;9;Valoración Total;No Dirigida
840;841;9;Valoración Total;No Dirigida
841;842;8;Valoración Total;No Dirigida
842;843;8;Valoración Total;No Dirigida
843;844;8;Valoración Total;No Dirigida
844;845;7;Valoración Total;No Dirigida
845;846;7;Valoración Total;No Dirigida
846;847;8;Valoración Total;No Dirigida
847;848;8;Valoración Total;No Dirigida
848;849;8;Valoración Total;No Dirigida
849;850;8;Valoración Total;No Dirigida
850;851;8;Valoración Total;No Dirigida
851;852;8;Valoración Total;No Dirigida
852;853;8;Valoración Total;No Dirigida
853;854;9;Valoración Total;No Dirigida
854;855;9;Valoración Total;No Dirigida
855;856;8;Valoración Total;No Dirigida
856;857;8;Valoración Total;No Dirigida
857;858;8;Valoración Total;No Dirigida
858;859;7;Valoración Total;No Dirigida
859;860;7;Valoración Total;No Dirigida
860;861;8;Valoración Total;No Dirigida
861;862;8;Valoración Total;No Dirigida
862;863;8;Valoración Total;No Dirigida
863;864;8;Valoración Total;No Dirigida
864;865;8;Valoración Total;No Dirigida
865;866;7;Valoración Total;No Dirigida
866;867;7;Valoración Total;No Dirigida
867;868;6;Valoración Total;No Dirigida
868;869;7;Valoración Total;No Dirigida
869;870;9;Valoración Total;No Dirigida
870;871;8;Valoración Total;No Dirigida
871;872;8;Valoración Total;No Dirigida
872;873;8;Valoración Total;No Dirigida
873;874;8;Valoración Total;No Dirigida
874;875;8;Valoración Total;No Dirigida
875;876;8;Valoración Total;No Dirigida
876;877;8;Valoración Total;No Dirigida
877;878;8;Valoración Total;No Dirigida
878;879;6;Valoración Total;No Dirigida
879;880;6;Valoración Total;No Dirigida
880;881;7;Valoración Total;No Dirigida
881;882;5;Valoración Total;No Dirigida
882;883;6;Valoración Total;No Dirigida
883;884;9;Valoración Total;No Dirigida
884;885;10;Valoración Total;No Dirigida
885;886;9;Valoración Total;No Dirigida
886;887;8;Valoración Total;No Dirigida
887;888;8;Valoración Total;No Dirigida
888;889;8;Valoración Total;No Dirigida
889;890;8;Valoración Total;No Dirigida
890;891;8;Valoración Total;No Dirigida
891;892;8;Valoración Total;No Dirigida
892;893;9;Valoración Total;No Dirigida
893;894;9;Valoración Total;No Dirigida
894;895;6;Valoración Total;No Dirigida
895;896;5;Valoración Total;No Dirigida
896;897;5;Valoración Total;No Dirigida
897;898;6;Valoración Total;No Dirigida
898;899;5;Valoración Total;No Dirigida
899;900;5;Valoración Total;No Dirigida
900;901;8;Valoración Total;No Dirigida
901;902;8;Valoración Total;No Dirigida
902;903;8;Valoración Total;No Dirigida
903;904;7;Valoración Total;No Dirigida
904;905;6;Valoración Total;No Dirigida
905;906;6;Valoración Total;No Dirigida
906;907;7;Valoración Total;No Dirigida
907;908;9;Valoración Total;No Dirigida
908;909;8;Valoración Total;No Dirigida
909;910;7;Valoración Total;No Dirigida
910;911;8;Valoración Total;No Dirigida
911;912;8;Valoración Total;No Dirigida
912;913;8;Valoración Total;No Dirigida
913;914;7;Valoración Total;No Dirigida
914;915;7;Valoración Total;No Dirigida
915;916;6;Valoración Total;No Dirigida
916;917;5;Valoración Total;No Dirigida
917;918;7;Valoración Total;No Dirigida
918;919;9;Valoración Total;No Dirigida
919;920;8;Valoración Total;No Dirigida
920;921;6;Valoración Total;No Dirigida
921;922;7;Valoración Total;No Dirigida
922;923;7;Valoración Total;No Dirigida
923;924;6;Valoración Total;No Dirigida
924;925;6;Valoración Total;No Dirigida
925;926;4;Valoración Total;No Dirigida
926;927;4;Valoración Total;No Dirigida
927;928;5;Valoración Total;No Dirigida
928;929;6;Valoración Total;No Dirigida
929;930;8;Valoración Total;No Dirigida
930;931;8;Valoración Total;No Dirigida
931;932;8;Valoración Total;No Dirigida
932;933;8;Valoración Total;No Dirigida
933;934;8;Valoración Total;No Dirigida
934;935;8;Valoración Total;No Dirigida
935;936;8;Valoración Total;No Dirigida
936;937;9;Valoración Total;No Dirigida
937;938;10;Valoración Total;No Dirigida
938;939;9;Valoración Total;No Dirigida
939;940;9;Valoración Total;No Dirigida
940;941;10;Valoración Total;No Dirigida
941;942;7;Valoración Total;No Dirigida
942;943;5;Valoración Total;No Dirigida
943;944;7;Valoración Total;No Dirigida
944;945;8;Valoración Total;No Dirigida
945;946;8;Valoración Total;No Dirigida
946;947;9;Valoración Total;No Dirigida
947;948;10;Valoración Total;No Dirigida
948;949;9;Valoración Total;No Dirigida
949;950;7;Valoración Total;No Dirigida
950;951;7;Valoración Total;No Dirigida
951;952;8;Valoración Total;No Dirigida
952;953;8;Valoración Total;No Dirigida
953;954;8;Valoración Total;No Dirigida
954;955;8;Valoración Total;No Dirigida
955;956;8;Valoración Total;No Dirigida
956;957;8;Valoración Total;No Dirigida
957;958;8;Valoración Total;No Dirigida
958;959;8;Valoración Total;No Dirigida
959;960;8;Valoración Total;No Dirigida
960;961;8;Valoración Total;No Dirigida
961;962;8;Valoración Total;No Dirigida
962;963;8;Valoración Total;No Dirigida
963;964;7;Valoración Total;No Dirigida
964;965;7;Valoración Total;No Dirigida
965;966;8;Valoración Total;No Dirigida
966;967;8;Valoración Total;No Dirigida
967;968;8;Valoración Total;No Dirigida
968;969;8;Valoración Total;No Dirigida
969;970;8;Valoración Total;No Dirigida
970;971;6;Valoración Total;No Dirigida
971;972;6;Valoración Total;No Dirigida
972;973;8;Valoración Total;No Dirigida
973;974;8;Valoración Total;No Dirigida
974;975;8;Valoración Total;No Dirigida
975;976;8;Valoración Total;No Dirigida
976;977;9;Valoración Total;No Dirigida
977;978;9;Valoración Total;No Dirigida
978;979;8;Valoración Total;No Dirigida
979;980;8;Valoración Total;No Dirigida
980;981;8;Valoración Total;No Dirigida
981;982;7;Valoración Total;No Dirigida
982;983;7;Valoración Total;No Dirigida
983;984;8;Valoración Total;No Dirigida
984;985;8;Valoración Total;No Dirigida
985;986;8;Valoración Total;No Dirigida
986;987;8;Valoración Total;No Dirigida
987;988;8;Valoración Total;No Dirigida
988;989;8;Valoración Total;No Dirigida
989;990;9;Valoración Total;No Dirigida
990;991;9;Valoración Total;No Dirigida
991;992;8;Valoración Total;No Dirigida
992;993;8;Valoración Total;No Dirigida
993;994;8;Valoración Total;No Dirigida
994;995;7;Valoración Total;No Dirigida
995;996;7;Valoración Total;No Dirigida
996;997;8;Valoración Total;No Dirigida
997;998;8;Valoración Total;No Dirigida
998;999;8;Valoración Total;No Dirigida
999;1000;8;Valoración Total;No Dirigida
1000;1001;6;Valoración Total;No Dirigida
1001;1002;4;Valoración Total;No dirigida
1001;1003;4;Valoración Total;No dirigida
1001;1005;4;Valoración Total;No dirigida
1002;1003;4;Valoración Total;No dirigida
1002;1004;4;Valoración Total;No dirigida
1003;1004;4;Valoración Total;No dirigida
1003;1005;4;Valoración Total;No dirigida
1004;1006;4;Valoración Total;No dirigida
1005;1007;4;Valoración Total;No dirigida
1005;1008;4;Valoración Total;No dirigida
1006;1007;4;Valoración Total;No dirigida
1006;1009;4;Valoración Total;No dirigida
1007;1008;4;Valoración Total;No dirigida
1008;1009;4;Valoración Total;No dirigida
1008;1010;4;Valoración Total;No dirigida
1009;1010;4;Valoración Total;No dirigida
1009;1011;4;Valoración Total;No dirigida
1010;1011;4;Valoración Total;No dirigida
1010;1013;4;Valoración Total;No dirigida
1011;1012;4;Valoración Total;No dirigida
1012;1013;4;Valoración Total;No dirigida
1012;1014;4;Valoración Total;No dirigida
1013;1014;4;Valoración Total;No dirigida
1013;1015;4;Valoración Total;No dirigida
1014;1016;4;Valoración Total;No dirigida
1014;1018;4;Valoración Total;No dirigida
1014;1019;4;Valoración Total;No dirigida
1015;1017;4;Valoración Total;No dirigida
1016;1018;4;Valoración Total;No dirigida
1016;1019;4;Valoración Total;No dirigida
1017;1018;4;Valoración Total;No dirigida
1017;1019;4;Valoración Total;No dirigida
1018;1020;4;Valoración Total;No dirigida
1018;1022;4;Valoración Total;No dirigida
1019;1021;4;Valoración Total;No dirigida
1019;1022;4;Valoración Total;No dirigida
1020;1022;4;Valoración Total;No dirigida
1020;1025;4;Valoración Total;No dirigida
1021;1024;4;Valoración Total;No dirigida
1021;1025;4;Valoración Total;No dirigida
1022;1021;4;Valoración Total;No dirigida
1022;1023;4;Valoración Total;No dirigida
1023;1024;4;Valoración Total;No dirigida
1024;1026;4;Valoración Total;No dirigida
1024;1027;4;Valoración Total;No dirigida
1025;1026;4;Valoración Total;No dirigida
1026;1027;4;Valoración Total;No dirigida
1026;1028;4;Valoración Total;No dirigida
1027;1028;4;Valoración Total;No dirigida
1027;1029;4;Valoración Total;No dirigida
1028;1030;4;Valoración Total;No dirigida
1029;1030;4;Valoración Total;No dirigida
1029;1031;4;Valoración Total;No dirigida
1029;1032;4;Valoración Total;No dirigida
1030;1031;4;Valoración Total;No dirigida
1030;1033;4;Valoración Total;No dirigida
1031;1032;4;Valoración Total;No dirigida
1032;1033;4;Valoración Total;No dirigida
1033;1034;4;Valoración Total;No dirigida
1033;1035;4;Valoración Total;No dirigida
1033;1036;3;Valoración Total;No dirigida
1034;1035;4;Valoración Total;No dirigida
1034;1036;3;Valoración Total;No dirigida
1035;1036;3;Valoración Total;No dirigida
1035;1038;4;Valoración Total;No dirigida
1036;1037;3;Valoración Total;No dirigida
1037;1038;4;Valoración Total;No dirigida
1037;1039;4;Valoración Total;No dirigida
1038;1039;4;Valoración Total;No dirigida
1038;1039;4;Valoración Total;No dirigida
1039;1040;4;Valoración Total;No dirigida
1040;1041;4;Valoración Total;No dirigida
1041;1042;4;Valoración Total;No dirigida
1041;1043;4;Valoración Total;No dirigida
1042;1043;4;Valoración Total;No dirigida
1042;1045;4;Valoración Total;No dirigida
1043;1044;4;Valoración Total;No dirigida
1044;1045;4;Valoración Total;No dirigida
1045;1046;4;Valoración Total;No dirigida
1045;1048;4;Valoración Total;No dirigida
1046;1047;4;Valoración Total;No dirigida
1046;1048;4;Valoración Total;No dirigida
1047;1048;4;Valoración Total;No dirigida
1048;1049;4;Valoración Total;No dirigida
1048;1051;4;Valoración Total;No dirigida
1048;1053;4;Valoración Total;No dirigida
1049;1050;4;Valoración Total;No dirigida
1050;1051;4;Valoración Total;No dirigida
1051;1052;4;Valoración Total;No dirigida
1051;1053;4;Valoración Total;No dirigida
1052;1053;4;Valoración Total;No dirigida
1052;1054;4;Valoración Total;No dirigida
1053;1054;4;Valoración Total;No dirigida
1054;1055;4;Valoración Total;No dirigida
1055;1056;4;Valoración Total;No dirigida
1056;1057;4;Valoración Total;No dirigida
1057;1058;4;Valoración Total;No dirigida
1058;1059;4;Valoración Total;No dirigida
1058;1060;4;Valoración Total;No dirigida
1058;1062;4;Valoración Total;No dirigida
1059;1060;4;Valoración Total;No dirigida
1060;1061;4;Valoración Total;No dirigida
1060;1062;4;Valoración Total;No dirigida
1061;1062;4;Valoración Total;No dirigida
1062;1063;4;Valoración Total;No dirigida
1062;1064;4;Valoración Total;No dirigida
1063;1064;4;Valoración Total;No dirigida
1063;1065;4;Valoración Total;No dirigida
1064;1065;4;Valoración Total;No dirigida
1064;1066;4;Valoración Total;No dirigida
1065;1066;4;Valoración Total;No dirigida
1065;1067;4;Valoración Total;No dirigida
1065;1068;4;Valoración Total;No dirigida
1066;1067;4;Valoración Total;No dirigida
1067;1068;4;Valoración Total;No dirigida
1067;1069;4;Valoración Total;No dirigida
1068;1070;4;Valoración Total;No dirigida
1068;1071;4;Valoración Total;No dirigida
1069;1070;4;Valoración Total;No dirigida
1070;1071;4;Valoración Total;No dirigida
1071;1072;4;Valoración Total;No dirigida
1071;1073;4;Valoración Total;No dirigida
1072;1073;4;Valoración Total;No dirigida
1073;1074;4;Valoración Total;No dirigida
1073;1075;4;Valoración Total;No dirigida
1073;1076;4;Valoración Total;No dirigida
1074;1076;4;Valoración Total;No dirigida
1075;1077;4;Valoración Total;No dirigida
1075;1078;4;Valoración Total;No dirigida
1076;1077;4;Valoración Total;No dirigida
1076;1078;4;Valoración Total;No dirigida
1077;1078;4;Valoración Total;No dirigida
1077;1079;4;Valoración Total;No dirigida
1078;1079;4;Valoración Total;No dirigida
1078;1080;4;Valoración Total;No dirigida
1079;1081;4;Valoración Total;No dirigida
1080;1082;4;Valoración Total;No dirigida
1081;1083;4;Valoración Total;No dirigida
1082;1084;3;Valoración Total;No dirigida
1082;1085;4;Valoración Total;No dirigida
1083;1086;4;Valoración Total;No dirigida
1084;1085;3;Valoración Total;No dirigida
1085;1086;4;Valoración Total;No dirigida
1086;1087;4;Valoración Total;No dirigida
1086;1088;4;Valoración Total;No dirigida
1087;1088;4;Valoración Total;No dirigida
1087;1089;3;Valoración Total;No dirigida
1088;1089;3;Valoración Total;No dirigida
1089;1090;3;Valoración Total;No dirigida
1089;1091;3;Valoración Total;No dirigida
1090;1091;4;Valoración Total;No dirigida
1091;1092;4;Valoración Total;No dirigida
1092;1093;4;Valoración Total;No dirigida
1092;1094;3;Valoración Total;No dirigida
1093;1095;4;Valoración Total;No dirigida
1093;1094;3;Valoración Total;No dirigida
1094;1095;3;Valoración Total;No dirigida
1094;1096;3;Valoración Total;No dirigida
1095;1096;4;Valoración Total;No dirigida
1096;1097;4;Valoración Total;No dirigida
1097;1098;4;Valoración Total;No dirigida
1097;1099;5;Valoración Total;No dirigida
1098;1099;5;Valoración Total;No dirigida
1099;1100;5;Valoración Total;No dirigida
1099;1101;5;Valoración Total;No dirigida
1100;1101;4;Valoración Total;No dirigida
1101;1102;4;Valoración Total;No dirigida
1102;1103;4;Valoración Total;No dirigida
1102;1104;4;Valoración Total;No dirigida
1103;1104;4;Valoración Total;No dirigida
1104;1105;4;Valoración Total;No dirigida
1105;1106;4;Valoración Total;No dirigida
1105;1108;4;Valoración Total;No dirigida
1105;1109;4;Valoración Total;No dirigida
1106;1107;4;Valoración Total;No dirigida
1107;1108;4;Valoración Total;No dirigida
1107;1109;4;Valoración Total;No dirigida
1107;1110;4;Valoración Total;No dirigida
1108;1110;4;Valoración Total;No dirigida
1109;1111;4;Valoración Total;No dirigida
1110;1111;4;Valoración Total;No dirigida
1111;1112;4;Valoración Total;No dirigida
1111;1113;5;Valoración Total;No dirigida
1112;1113;5;Valoración Total;No dirigida
1113;1114;5;Valoración Total;No dirigida
1114;1115;4;Valoración Total;No dirigida
1114;1116;5;Valoración Total;No dirigida
1115;1116;5;Valoración Total;No dirigida
1115;1117;4;Valoración Total;No dirigida
1115;1118;5;Valoración Total;No dirigida
1116;1117;5;Valoración Total;No dirigida
1117;1118;5;Valoración Total;No dirigida
1118;1119;5;Valoración Total;No dirigida
1119;1120;4;Valoración Total;No dirigida
1120;1121;4;Valoración Total;No dirigida
1121;1122;4;Valoración Total;No dirigida
1121;1124;4;Valoración Total;No dirigida
1122;1123;4;Valoración Total;No dirigida
1123;1124;4;Valoración Total;No dirigida
1123;1125;4;Valoración Total;No dirigida
1124;1125;4;Valoración Total;No dirigida
1125;1126;4;Valoración Total;No dirigida
1126;1127;4;Valoración Total;No dirigida
1126;1128;4;Valoración Total;No dirigida
1127;1128;4;Valoración Total;No dirigida
1128;1129;4;Valoración Total;No dirigida
1129;1130;5;Valoración Total;No dirigida
1130;1132;5;Valoración Total;No dirigida
1131;1132;5;Valoración Total;No dirigida
1132;1133;4;Valoración Total;No dirigida
1133;1134;4;Valoración Total;No dirigida
1133;1135;4;Valoración Total;No dirigida
1134;1135;4;Valoración Total;No dirigida
1135;1136;4;Valoración Total;No dirigida
1136;1137;4;Valoración Total;No dirigida
1136;1139;4;Valoración Total;No dirigida
1137;1138;3;Valoración Total;No dirigida
1138;1139;3;Valoración Total;No dirigida
1139;1140;4;Valoración Total;No dirigida
1140;1141;4;Valoración Total;No dirigida
1141;1142;4;Valoración Total;No dirigida
1141;1143;4;Valoración Total;No dirigida
1142;1143;4;Valoración Total;No dirigida
1143;1144;4;Valoración Total;No dirigida
1144;1145;4;Valoración Total;No dirigida
1144;1146;3;Valoración Total;No dirigida
1145;1146;3;Valoración Total;No dirigida
1146;1147;4;Valoración Total;No dirigida
1147;1148;5;Valoración Total;No dirigida
1147;1150;4;Valoración Total;No dirigida
1148;1149;4;Valoración Total;No dirigida
1149;1150;3;Valoración Total;No dirigida
1150;1151;2;Valoración Total;No dirigida
1151;1152;3;Valoración Total;No dirigida
1151;1153;3;Valoración Total;No dirigida
1152;1153;4;Valoración Total;No dirigida
1152;1154;4;Valoración Total;No dirigida
1153;1154;4;Valoración Total;No dirigida
1154;1155;4;Valoración Total;No dirigida
1155;1156;5;Valoración Total;No dirigida
1156;1157;6;Valoración Total;No dirigida
1157;1158;6;Valoración Total;No dirigida
1158;1159;5;Valoración Total;No dirigida
1158;1160;4;Valoración Total;No dirigida
1159;1160;3;Valoración Total;No dirigida
1160;1161;3;Valoración Total;No dirigida
1161;1162;4;Valoración Total;No dirigida
1161;1164;4;Valoración Total;No dirigida
1162;1163;4;Valoración Total;No dirigida
1163;1164;4;Valoración Total;No dirigida
1164;1165;3;Valoración Total;No dirigida
1164;1166;5;Valoración Total;No dirigida
1165;1166;4;Valoración Total;No dirigida
1165;1167;3;Valoración Total;No dirigida
1165;1169;3;Valoración Total;No dirigida
1166;1167;5;Valoración Total;No dirigida
1167;1168;4;Valoración Total;No dirigida
1168;1169;4;Valoración Total;No dirigida
1169;1170;4;Valoración Total;No dirigida
1170;1171;4;Valoración Total;No dirigida
1170;1172;4;Valoración Total;No dirigida
1171;1172;4;Valoración Total;No dirigida
1172;1173;4;Valoración Total;No dirigida
1172;1175;4;Valoración Total;No dirigida
1173;1174;7;Valoración Total;No dirigida
1174;1175;7;Valoración Total;No dirigida
1175;1176;4;Valoración Total;No dirigida
1176;1177;4;Valoración Total;No dirigida
1176;1179;4;Valoración Total;No dirigida
1177;1178;4;Valoración Total;No dirigida
1178;1179;4;Valoración Total;No dirigida
1179;1180;5;Valoración Total;No dirigida
1180;1181;6;Valoración Total;No dirigida
1181;1182;5;Valoración Total;No dirigida
1181;1185;5;Valoración Total;No dirigida
1182;1183;4;Valoración Total;No dirigida
1183;1184;4;Valoración Total;No dirigida
1184;1185;4;Valoración Total;No dirigida
1185;1186;4;Valoración Total;No dirigida
1185;1187;4;Valoración Total;No dirigida
1186;1187;4;Valoración Total;No dirigida
1187;1188;5;Valoración Total;No dirigida
1187;1189;4;Valoración Total;No dirigida
1188;1189;5;Valoración Total;No dirigida
1189;1190;4;Valoración Total;No dirigida
1190;1191;4;Valoración Total;No dirigida
1191;1192;4;Valoración Total;No dirigida
1192;1193;4;Valoración Total;No dirigida
1193;1194;4;Valoración Total;No dirigida
1194;1195;4;Valoración Total;No dirigida
1195;1196;4;Valoración Total;No dirigida
1195;1198;4;Valoración Total;No dirigida
1196;1197;4;Valoración Total;No dirigida
1197;1198;4;Valoración Total;No dirigida
1198;1199;3;Valoración Total;No dirigida
1199;1200;3;Valoración Total;No dirigida
1200;1201;4;Valoración Total;No dirigida
1201;1202;4;Valoración Total;No dirigida
1202;1203;5;Valoración Total;No dirigida
1202;1205;4;Valoración Total;No dirigida
1203;1204;5;Valoración Total;No dirigida
1204;1205;4;Valoración Total;No dirigida
1205;1206;4;Valoración Total;No dirigida
1205;1209;4;Valoración Total;No dirigida
1206;1207;4;Valoración Total;No dirigida
1207;1208;4;Valoración Total;No dirigida
1208;1209;4;Valoración Total;No dirigida
1208;1210;4;Valoración Total;No dirigida
1209;1211;4;Valoración Total;No dirigida
1210;1211;4;Valoración Total;No dirigida
1211;1212;4;Valoración Total;No dirigida
1212;1213;4;Valoración Total;No dirigida
1213;1214;4;Valoración Total;No dirigida
1213;1215;4;Valoración Total;No dirigida
1214;1218;4;Valoración Total;No dirigida
1215;1216;4;Valoración Total;No dirigida
1216;1217;4;Valoración Total;No dirigida
1217;1218;4;Valoración Total;No dirigida
1218;1219;5;Valoración Total;No dirigida
1218;1220;4;Valoración Total;No dirigida
1219;1221;5;Valoración Total;No dirigida
1220;1221;4;Valoración Total;No dirigida
1221;1222;5;Valoración Total;No dirigida
1221;1223;4;Valoración Total;No dirigida
1222;1224;5;Valoración Total;No dirigida
1223;1225;4;Valoración Total;No dirigida
1224;1225;4;Valoración Total;No dirigida
1224;1226;4;Valoración Total;No dirigida
1225;1226;4;Valoración Total;No dirigida
1226;1227;4;Valoración Total;No dirigida
1227;1228;4;Valoración Total;No dirigida
1228;1229;4;Valoración Total;No dirigida
1229;1230;4;Valoración Total;No dirigida
1229;1231;4;Valoración Total;No dirigida
1230;1231;4;Valoración Total;No dirigida
1231;1232;4;Valoración Total;No dirigida
1232;1233;4;Valoración Total;No dirigida
1233;1234;4;Valoración Total;No dirigida
1234;1235;4;Valoración Total;No dirigida
1234;1238;4;Valoración Total;No dirigida
1235;1236;5;Valoración Total;No dirigida
1236;1237;6;Valoración Total;No dirigida
1237;1239;5;Valoración Total;No dirigida
1238;1239;4;Valoración Total;No dirigida
1239;1240;4;Valoración Total;No dirigida
1239;1241;4;Valoración Total;No dirigida
1239;1243;4;Valoración Total;No dirigida
1240;1242;4;Valoración Total;No dirigida
1241;1243;4;Valoración Total;No dirigida
1242;1244;4;Valoración Total;No dirigida
1242;1245;4;Valoración Total;No dirigida
1243;1244;4;Valoración Total;No dirigida
1244;1246;5;Valoración Total;No dirigida
1245;1246;5;Valoración Total;No dirigida
1246;1247;5;Valoración Total;No dirigida
1247;1248;4;Valoración Total;No dirigida
1247;1249;4;Valoración Total;No dirigida
1248;1250;4;Valoración Total;No dirigida
1249;1250;4;Valoración Total;No dirigida
1250;1251;4;Valoración Total;No dirigida
1250;1251;4;Valoración Total;No dirigida
1251;1252;3;Valoración Total;No dirigida
1252;1253;3;Valoración Total;No dirigida
1253;1254;4;Valoración Total;No dirigida
1254;1255;5;Valoración Total;No dirigida
1255;1256;5;Valoración Total;No dirigida
1255;1257;6;Valoración Total;No dirigida
1256;1258;5;Valoración Total;No dirigida
1257;1258;6;Valoración Total;No dirigida
1258;1259;5;Valoración Total;No dirigida
1258;1260;5;Valoración Total;No dirigida
1259;1260;4;Valoración Total;No dirigida
1260;1261;4;Valoración Total;No dirigida
1261;1262;4;Valoración Total;No dirigida
1262;1263;4;Valoración Total;No dirigida
1262;1265;4;Valoración Total;No dirigida
1263;1264;4;Valoración Total;No dirigida
1264;1265;4;Valoración Total;No dirigida
1265;1266;4;Valoración Total;No dirigida
1265;1267;5;Valoración Total;No dirigida
1266;1268;4;Valoración Total;No dirigida
1266;1269;4;Valoración Total;No dirigida
1267;1268;5;Valoración Total;No dirigida
1268;1269;4;Valoración Total;No dirigida
1269;1270;4;Valoración Total;No dirigida
1270;1271;4;Valoración Total;No dirigida
1271;1272;4;Valoración Total;No dirigida
1272;1273;5;Valoración Total;No dirigida
1273;1274;5;Valoración Total;No dirigida
1273;1275;5;Valoración Total;No dirigida
1274;1275;4;Valoración Total;No dirigida
1275;1276;5;Valoración Total;No dirigida
1276;1277;5;Valoración Total;No dirigida
1277;1278;4;Valoración Total;No dirigida
1277;1279;4;Valoración Total;No dirigida
1277;1280;4;Valoración Total;No dirigida
1278;1279;4;Valoración Total;No dirigida
1279;1281;4;Valoración Total;No dirigida
1280;1281;4;Valoración Total;No dirigida
1280;1282;5;Valoración Total;No dirigida
1281;1282;5;Valoración Total;No dirigida
1282;1283;6;Valoración Total;No dirigida
1283;1284;6;Valoración Total;No dirigida
1284;1285;4;Valoración Total;No dirigida
1284;1286;5;Valoración Total;No dirigida
1285;1286;3;Valoración Total;No dirigida
1286;1287;4;Valoración Total;No dirigida
1287;1288;4;Valoración Total;No dirigida
1288;1289;4;Valoración Total;No dirigida
1289;1290;4;Valoración Total;No dirigida
1289;1292;3;Valoración Total;No dirigida
1290;1291;4;Valoración Total;No dirigida
1291;1292;3;Valoración Total;No dirigida
1292;1293;4;Valoración Total;No dirigida
1292;1294;3;Valoración Total;No dirigida
1293;1294;;Valoración Total;No dirigida
1294;1295;3;Valoración Total;No dirigida
1295;1296;4;Valoración Total;No dirigida
1295;1297;4;Valoración Total;No dirigida
1296;1297;5;Valoración Total;No dirigida
1297;1298;4;Valoración Total;No dirigida
1298;1299;4;Valoración Total;No dirigida
1299;1300;4;Valoración Total;No dirigida
1300;1301;4;Valoración Total;No dirigida
1300;1302;5;Valoración Total;No dirigida
1301;1302;5;Valoración Total;No dirigida
1302;1303;5;Valoración Total;No dirigida
1303;1304;4;Valoración Total;No dirigida
1303;1305;6;Valoración Total;No dirigida
1304;1305;6;Valoración Total;No dirigida
1305;1306;6;Valoración Total;No dirigida
1306;1307;5;Valoración Total;No dirigida
1306;1309;4;Valoración Total;No dirigida
1307;1308;6;Valoración Total;No dirigida
1308;1309;5;Valoración Total;No dirigida
1309;1310;4;Valoración Total;No dirigida
1310;1311;4;Valoración Total;No dirigida
1311;1312;5;Valoración Total;No dirigida
1312;1313;5;Valoración Total;No dirigida
1312;1314;5;Valoración Total;No dirigida
1313;1314;4;Valoración Total;No dirigida
1314;1315;4;Valoración Total;No dirigida
1315;1316;4;Valoración Total;No dirigida
1316;1317;4;Valoración Total;No dirigida
1317;1318;4;Valoración Total;No dirigida
1318;1319;4;Valoración Total;No dirigida
1319;1320;4;Valoración Total;No dirigida
1319;1322;4;Valoración Total;No dirigida
1320;1321;4;Valoración Total;No dirigida
1321;1322;4;Valoración Total;No dirigida
1322;1323;4;Valoración Total;No dirigida
1323;1324;4;Valoración Total;No dirigida
1324;1325;4;Valoración Total;No dirigida
1324;1326;4;Valoración Total;No dirigida
1325;1326;4;Valoración Total;No dirigida
1326;1327;5;Valoración Total;No dirigida
1327;1328;5;Valoración Total;No dirigida
1328;1329;4;Valoración Total;No dirigida
1328;1330;4;Valoración Total;No dirigida
1328;1331;4;Valoración Total;No dirigida
1329;1330;4;Valoración Total;No dirigida
1330;1331;4;Valoración Total;No dirigida
1331;1332;4;Valoración Total;No dirigida
1332;1333;4;Valoración Total;No dirigida
1332;1334;4;Valoración Total;No dirigida
1333;1334;4;Valoración Total;No dirigida
1334;1335;4;Valoración Total;No dirigida
1335;1336;4;Valoración Total;No dirigida
1336;1337;4;Valoración Total;No dirigida
1336;1338;4;Valoración Total;No dirigida
1337;1338;4;Valoración Total;No dirigida
1338;1339;5;Valoración Total;No dirigida
1339;1340;5;Valoración Total;No dirigida
1340;1341;4;Valoración Total;No dirigida
1340;1342;4;Valoración Total;No dirigida
1340;1343;4;Valoración Total;No dirigida
1341;1342;4;Valoración Total;No dirigida
1342;1343;4;Valoración Total;No dirigida
1343;1344;6;Valoración Total;No dirigida
1344;1345;6;Valoración Total;No dirigida
1345;1346;4;Valoración Total;No dirigida
1346;1347;4;Valoración Total;No dirigida
1346;1347;4;Valoración Total;No dirigida
1347;1348;4;Valoración Total;No dirigida
1348;1349;3;Valoración Total;No dirigida
1349;1350;3;Valoración Total;No dirigida
1350;1351;4;Valoración Total;No dirigida
1351;1352;4;Valoración Total;No dirigida
1352;1353;4;Valoración Total;No dirigida
1352;1354;4;Valoración Total;No dirigida
1353;1354;4;Valoración Total;No dirigida
1354;1355;4;Valoración Total;No dirigida
1355;1356;4;Valoración Total;No dirigida
1356;1357;4;Valoración Total;No dirigida
1357;1358;5;Valoración Total;No dirigida
1358;1359;5;Valoración Total;No dirigida
1358;1360;5;Valoración Total;No dirigida
1359;1360;4;Valoración Total;No dirigida
1360;1361;5;Valoración Total;No dirigida
1361;1362;4;Valoración Total;No dirigida
1362;1363;3;Valoración Total;No dirigida
1363;1364;4;Valoración Total;No dirigida
1363;1365;5;Valoración Total;No dirigida
1363;1366;4;Valoración Total;No dirigida
1364;1365;5;Valoración Total;No dirigida
1365;1366;5;Valoración Total;No dirigida
1366;1367;4;Valoración Total;No dirigida
1367;1368;4;Valoración Total;No dirigida
1368;1369;4;Valoración Total;No dirigida
1368;1370;5;Valoración Total;No dirigida
1369;1370;5;Valoración Total;No dirigida
1370;1371;5;Valoración Total;No dirigida
1371;1372;4;Valoración Total;No dirigida
1371;1373;3;Valoración Total;No dirigida
1372;1373;3;Valoración Total;No dirigida
1373;1374;3;Valoración Total;No dirigida
1374;1375;4;Valoración Total;No dirigida
1375;1376;4;Valoración Total;No dirigida
1376;1377;5;Valoración Total;No dirigida
1377;1378;5;Valoración Total;No dirigida
1377;1379;5;Valoración Total;No dirigida
1378;1379;4;Valoración Total;No dirigida
1379;1380;3;Valoración Total;No dirigida
1380;1381;3;Valoración Total;No dirigida
1381;1382;4;Valoración Total;No dirigida
1381;1383;3;Valoración Total;No dirigida
1382;1383;3;Valoración Total;No dirigida
1383;1384;3;Valoración Total;No dirigida
1384;1385;3;Valoración Total;No dirigida
1385;1386;3;Valoración Total;No dirigida
1386;1387;5;Valoración Total;No dirigida
1386;1388;5;Valoración Total;No dirigida
1387;1388;6;Valoración Total;No dirigida
1388;1389;5;Valoración Total;No dirigida
1389;1390;5;Valoración Total;No dirigida
1390;1391;5;Valoración Total;No dirigida
1391;1392;5;Valoración Total;No dirigida
1391;1393;5;Valoración Total;No dirigida
1392;1393;6;Valoración Total;No dirigida
1393;1394;5;Valoración Total;No dirigida
1394;1395;4;Valoración Total;No dirigida
1395;1396;4;Valoración Total;No dirigida
1395;1397;4;Valoración Total;No dirigida
1396;1397;4;Valoración Total;No dirigida
1397;1398;4;Valoración Total;No dirigida
1398;1399;4;Valoración Total;No dirigida
1399;1400;5;Valoración Total;No dirigida
1400;1401;5;Valoración Total;No dirigida
1400;1402;5;Valoración Total;No dirigida
1401;1402;4;Valoración Total;No dirigida
1402;1403;4;Valoración Total;No dirigida
1403;1404;4;Valoración Total;No dirigida
1403;1405;5;Valoración Total;No dirigida
1404;1405;5;Valoración Total;No dirigida
1405;1406;4;Valoración Total;No dirigida
1406;1407;4;Valoración Total;No dirigida
1407;1408;5;Valoración Total;No dirigida
1408;1409;4;Valoración Total;No dirigida
1409;1410;4;Valoración Total;No dirigida
1410;1411;5;Valoración Total;No dirigida
1410;1412;4;Valoración Total;No dirigida
1411;1412;5;Valoración Total;No dirigida
1412;1413;5;Valoración Total;No dirigida
1413;1414;5;Valoración Total;No dirigida
1414;1415;4;Valoración Total;No dirigida
1415;1416;4;Valoración Total;No dirigida
1416;1417;3;Valoración Total;No dirigida
1416;1418;4;Valoración Total;No dirigida
1417;1418;3;Valoración Total;No dirigida
1418;1419;4;Valoración Total;No dirigida
1418;1420;4;Valoración Total;No dirigida
1419;1420;4;Valoración Total;No dirigida
1420;1421;3;Valoración Total;No dirigida
1421;1422;3;Valoración Total;No dirigida
1422;1423;4;Valoración Total;No dirigida
1422;1424;4;Valoración Total;No dirigida
1422;1425;4;Valoración Total;No dirigida
1423;1424;4;Valoración Total;No dirigida
1423;1425;4;Valoración Total;No dirigida
1424;1425;4;Valoración Total;No dirigida
1425;1426;4;Valoración Total;No dirigida
1425;1426;4;Valoración Total;No dirigida
1426;1427;4;Valoración Total;No dirigida
1426;1428;3;Valoración Total;No dirigida
1426;1429;4;Valoración Total;No dirigida
1427;1428;3;Valoración Total;No dirigida
1427;1429;4;Valoración Total;No dirigida
1428;1429;3;Valoración Total;No dirigida
1429;1430;4;Valoración Total;No dirigida
1429;1431;5;Valoración Total;No dirigida
1430;1431;5;Valoración Total;No dirigida
1431;1432;5;Valoración Total;No dirigida
1432;1433;4;Valoración Total;No dirigida
1432;1434;3;Valoración Total;No dirigida
1432;1435;3;Valoración Total;No dirigida
1433;1434;3;Valoración Total;No dirigida
1433;1435;3;Valoración Total;No dirigida
1434;1435;2;Valoración Total;No dirigida
1434;1436;3;Valoración Total;No dirigida
1435;1436;3;Valoración Total;No dirigida
1436;1437;4;Valoración Total;No dirigida
1436;1438;5;Valoración Total;No dirigida
1437;1438;5;Valoración Total;No dirigida
1437;1439;4;Valoración Total;No dirigida
1438;1439;5;Valoración Total;No dirigida
1439;1440;3;Valoración Total;No dirigida
1440;1441;3;Valoración Total;No dirigida
1440;1442;4;Valoración Total;No dirigida
1440;1443;4;Valoración Total;No dirigida
1441;1442;5;Valoración Total;No dirigida
1442;1443;6;Valoración Total;No dirigida
1443;1444;6;Valoración Total;No dirigida
1443;1445;5;Valoración Total;No dirigida
1444;1445;5;Valoración Total;No dirigida
1445;1446;4;Valoración Total;No dirigida
1445;1447;4;Valoración Total;No dirigida
1446;1447;4;Valoración Total;No dirigida
1446;1447;4;Valoración Total;No dirigida
1447;1448;5;Valoración Total;No dirigida
1447;1449;4;Valoración Total;No dirigida
1447;1450;4;Valoración Total;No dirigida
1448;1449;5;Valoración Total;No dirigida
1449;1450;4;Valoración Total;No dirigida
1450;1451;4;Valoración Total;No dirigida
1450;1452;4;Valoración Total;No dirigida
1451;1452;4;Valoración Total;No dirigida
1452;1453;4;Valoración Total;No dirigida
1453;1454;4;Valoración Total;No dirigida
1453;1455;5;Valoración Total;No dirigida
1453;1456;4;Valoración Total;No dirigida
1454;1455;5;Valoración Total;No dirigida
1454;1456;4;Valoración Total;No dirigida
1455;1456;5;Valoración Total;No dirigida
1455;1457;5;Valoración Total;No dirigida
1456;1457;4;Valoración Total;No dirigida
1456;1458;6;Valoración Total;No dirigida
1456;1459;4;Valoración Total;No dirigida
1457;1458;6;Valoración Total;No dirigida
1457;1459;4;Valoración Total;No dirigida
1458;1459;6;Valoración Total;No dirigida
1458;1460;6;Valoración Total;No dirigida
1458;1461;6;Valoración Total;No dirigida
1459;1460;4;Valoración Total;No dirigida
1459;1461;4;Valoración Total;No dirigida
1460;1461;4;Valoración Total;No dirigida
1461;1462;5;Valoración Total;No dirigida
1461;1463;3;Valoración Total;No dirigida
1462;1463;4;Valoración Total;No dirigida
1462;1464;5;Valoración Total;No dirigida
1463;1464;3;Valoración Total;No dirigida
1463;1465;3;Valoración Total;No dirigida
1464;1465;4;Valoración Total;No dirigida
1465;1466;4;Valoración Total;No dirigida
1465;1467;3;Valoración Total;No dirigida
1466;1467;3;Valoración Total;No dirigida
1466;1468;4;Valoración Total;No dirigida
1467;1468;3;Valoración Total;No dirigida
1468;1469;4;Valoración Total;No dirigida
1468;1470;4;Valoración Total;No dirigida
1469;1470;4;Valoración Total;No dirigida
1469;1471;4;Valoración Total;No dirigida
1469;1472;4;Valoración Total;No dirigida
1470;1471;4;Valoración Total;No dirigida
1470;1472;4;Valoración Total;No dirigida
1471;1472;4;Valoración Total;No dirigida
1471;1473;4;Valoración Total;No dirigida
1471;1474;4;Valoración Total;No dirigida
1472;1473;4;Valoración Total;No dirigida
1473;1474;4;Valoración Total;No dirigida
1473;1475;5;Valoración Total;No dirigida
1473;1476;5;Valoración Total;No dirigida
1474;1475;5;Valoración Total;No dirigida
1475;1476;6;Valoración Total;No dirigida
1476;1477;6;Valoración Total;No dirigida
1476;1478;6;Valoración Total;No dirigida
1477;1478;6;Valoración Total;No dirigida
1478;1479;5;Valoración Total;No dirigida
1478;1480;5;Valoración Total;No dirigida
1478;1481;5;Valoración Total;No dirigida
1479;1480;4;Valoración Total;No dirigida
1479;1481;4;Valoración Total;No dirigida
1480;1481;4;Valoración Total;No dirigida
1480;1482;4;Valoración Total;No dirigida
1481;1482;4;Valoración Total;No dirigida
1481;1483;3;Valoración Total;No dirigida
1482;1483;3;Valoración Total;No dirigida
1482;1484;4;Valoración Total;No dirigida
1483;1484;3;Valoración Total;No dirigida
1484;1485;4;Valoración Total;No dirigida
1484;1486;4;Valoración Total;No dirigida
1485;1486;4;Valoración Total;No dirigida
1485;1487;4;Valoración Total;No dirigida
1485;1488;5;Valoración Total;No dirigida
1486;1487;4;Valoración Total;No dirigida
1486;1488;5;Valoración Total;No dirigida
1487;1488;5;Valoración Total;No dirigida
1488;1489;5;Valoración Total;No dirigida
1488;1490;5;Valoración Total;No dirigida
1489;1490;4;Valoración Total;No dirigida
1489;1491;4;Valoración Total;No dirigida
1490;1491;4;Valoración Total;No dirigida
1490;1492;4;Valoración Total;No dirigida
1490;1493;4;Valoración Total;No dirigida
1491;1492;4;Valoración Total;No dirigida
1492;1493;4;Valoración Total;No dirigida
1492;1494;4;Valoración Total;No dirigida
1492;1495;4;Valoración Total;No dirigida
1493;1494;4;Valoración Total;No dirigida
1493;1495;4;Valoración Total;No dirigida
1494;1495;4;Valoración Total;No dirigida
1495;1496;4;Valoración Total;No dirigida
1495;1497;4;Valoración Total;No dirigida
1495;1498;4;Valoración Total;No dirigida
1496;1497;4;Valoración Total;No dirigida
1496;1498;4;Valoración Total;No dirigida
1496;1499;4;Valoración Total;No dirigida
1497;1498;4;Valoración Total;No dirigida
1497;1499;4;Valoración Total;No dirigida
1497;1500;4;Valoración Total;No dirigida
1498;1499;4;Valoración Total;No dirigida
1498;1500;4;Valoración Total;No dirigida
1499;1500;4;Valoración Total;No dirigida
